identity/LineItemId,lineItem/UsageStartDate,lineItem/UsageEndDate,lineItem/ProductCode,product/ProductName,product/region,lineItem/UsageAmount,lineItem/UnblendedCost
li-0,2025-10-01T00:00:00,2025-10-02T00:00:00,AmazonEC2,Amazon EC2,us-east-1,3029,3029
li-1,2025-10-01T00:00:00,2025-10-02T00:00:00,AmazonEC2,Amazon EC2,ap-south-1,2954,2954
li-2,2025-10-01T00:00:00,2025-10-02T00:00:00,AmazonS3,Amazon S3,us-east-1,793,793
li-3,2025-10-01T00:00:00,2025-10-02T00:00:00,AmazonS3,Amazon S3,ap-south-1,802,802
li-4,2025-10-01T00:00:00,2025-10-02T00:00:00,AmazonRDS,Amazon RDS,us-east-1,1451,1451
li-5,2025-10-01T00:00:00,2025-10-02T00:00:00,AmazonRDS,Amazon RDS,ap-south-1,1432,1432
li-6,2025-10-02T00:00:00,2025-10-03T00:00:00,AmazonEC2,Amazon EC2,us-east-1,2944,2944
li-7,2025-10-02T00:00:00,2025-10-03T00:00:00,AmazonEC2,Amazon EC2,ap-south-1,3042,3042
li-8,2025-10-02T00:00:00,2025-10-03T00:00:00,AmazonS3,Amazon S3,us-east-1,799,799
li-9,2025-10-02T00:00:00,2025-10-03T00:00:00,AmazonS3,Amazon S3,ap-south-1,799,799
li-10,2025-10-02T00:00:00,2025-10-03T00:00:00,AmazonRDS,Amazon RDS,us-east-1,1530,1530
li-11,2025-10-02T00:00:00,2025-10-03T00:00:00,AmazonRDS,Amazon RDS,ap-south-1,1547,1547
li-12,2025-10-03T00:00:00,2025-10-04T00:00:00,AmazonEC2,Amazon EC2,us-east-1,3065,3065
li-13,2025-10-03T00:00:00,2025-10-04T00:00:00,AmazonEC2,Amazon EC2,ap-south-1,2982,2982
li-14,2025-10-03T00:00:00,2025-10-04T00:00:00,AmazonS3,Amazon S3,us-east-1,806,806
li-15,2025-10-03T00:00:00,2025-10-04T00:00:00,AmazonS3,Amazon S3,ap-south-1,821,821
li-16,2025-10-03T00:00:00,2025-10-04T00:00:00,AmazonRDS,Amazon RDS,us-east-1,1559,1559
li-17,2025-10-03T00:00:00,2025-10-04T00:00:00,AmazonRDS,Amazon RDS,ap-south-1,1491,1491
li-18,2025-10-04T00:00:00,2025-10-05T00:00:00,AmazonEC2,Amazon EC2,us-east-1,2964,2964
li-19,2025-10-04T00:00:00,2025-10-05T00:00:00,AmazonEC2,Amazon EC2,ap-south-1,3043,3043
li-20,2025-10-04T00:00:00,2025-10-05T00:00:00,AmazonS3,Amazon S3,us-east-1,814,814
li-21,2025-10-04T00:00:00,2025-10-05T00:00:00,AmazonS3,Amazon S3,ap-south-1,772,772
li-22,2025-10-04T00:00:00,2025-10-05T00:00:00,AmazonRDS,Amazon RDS,us-east-1,1450,1450
li-23,2025-10-04T00:00:00,2025-10-05T00:00:00,AmazonRDS,Amazon RDS,ap-south-1,1568,1568
li-24,2025-10-05T00:00:00,2025-10-06T00:00:00,AmazonEC2,Amazon EC2,us-east-1,2930,2930
li-25,2025-10-05T00:00:00,2025-10-06T00:00:00,AmazonEC2,Amazon EC2,ap-south-1,2984,2984
li-26,2025-10-05T00:00:00,2025-10-06T00:00:00,AmazonS3,Amazon S3,us-east-1,804,804
li-27,2025-10-05T00:00:00,2025-10-06T00:00:00,AmazonS3,Amazon S3,ap-south-1,783,783
li-28,2025-10-05T00:00:00,2025-10-06T00:00:00,AmazonRDS,Amazon RDS,us-east-1,1458,1458
li-29,2025-10-05T00:00:00,2025-10-06T00:00:00,AmazonRDS,Amazon RDS,ap-south-1,1451,1451
li-30,2025-10-06T00:00:00,2025-10-07T00:00:00,AmazonEC2,Amazon EC2,us-east-1,2943,2943
li-31,2025-10-06T00:00:00,2025-10-07T00:00:00,AmazonEC2,Amazon EC2,ap-south-1,3044,3044
li-32,2025-10-06T00:00:00,2025-10-07T00:00:00,AmazonS3,Amazon S3,us-east-1,791,791
li-33,2025-10-06T00:00:00,2025-10-07T00:00:00,AmazonS3,Amazon S3,ap-south-1,797,797
li-34,2025-10-06T00:00:00,2025-10-07T00:00:00,AmazonRDS,Amazon RDS,us-east-1,1435,1435
li-35,2025-10-06T00:00:00,2025-10-07T00:00:00,AmazonRDS,Amazon RDS,ap-south-1,1483,1483
li-36,2025-10-07T00:00:00,2025-10-08T00:00:00,AmazonEC2,Amazon EC2,us-east-1,3064,3064
li-37,2025-10-07T00:00:00,2025-10-08T00:00:00,AmazonEC2,Amazon EC2,ap-south-1,3070,3070
li-38,2025-10-07T00:00:00,2025-10-08T00:00:00,AmazonS3,Amazon S3,us-east-1,778,778
li-39,2025-10-07T00:00:00,2025-10-08T00:00:00,AmazonS3,Amazon S3,ap-south-1,789,789
li-40,2025-10-07T00:00:00,2025-10-08T00:00:00,AmazonRDS,Amazon RDS,us-east-1,1522,1522
li-41,2025-10-07T00:00:00,2025-10-08T00:00:00,AmazonRDS,Amazon RDS,ap-south-1,1443,1443
li-42,2025-10-08T00:00:00,2025-10-09T00:00:00,AmazonEC2,Amazon EC2,us-east-1,2969,2969
li-43,2025-10-08T00:00:00,2025-10-09T00:00:00,AmazonEC2,Amazon EC2,ap-south-1,3068,3068
li-44,2025-10-08T00:00:00,2025-10-09T00:00:00,AmazonS3,Amazon S3,us-east-1,772,772
li-45,2025-10-08T00:00:00,2025-10-09T00:00:00,AmazonS3,Amazon S3,ap-south-1,789,789
li-46,2025-10-08T00:00:00,2025-10-09T00:00:00,AmazonRDS,Amazon RDS,us-east-1,1567,1567
li-47,2025-10-08T00:00:00,2025-10-09T00:00:00,AmazonRDS,Amazon RDS,ap-south-1,1544,1544
li-48,2025-10-09T00:00:00,2025-10-10T00:00:00,AmazonEC2,Amazon EC2,us-east-1,3020,3020
li-49,2025-10-09T00:00:00,2025-10-10T00:00:00,AmazonEC2,Amazon EC2,ap-south-1,2975,2975
li-50,2025-10-09T00:00:00,2025-10-10T00:00:00,AmazonS3,Amazon S3,us-east-1,772,772
li-51,2025-10-09T00:00:00,2025-10-10T00:00:00,AmazonS3,Amazon S3,ap-south-1,786,786
li-52,2025-10-09T00:00:00,2025-10-10T00:00:00,AmazonRDS,Amazon RDS,us-east-1,1548,1548
li-53,2025-10-09T00:00:00,2025-10-10T00:00:00,AmazonRDS,Amazon RDS,ap-south-1,1567,1567
li-54,2025-10-10T00:00:00,2025-10-11T00:00:00,AmazonEC2,Amazon EC2,us-east-1,2930,2930
li-55,2025-10-10T00:00:00,2025-10-11T00:00:00,AmazonEC2,Amazon EC2,ap-south-1,3016,3016
li-56,2025-10-10T00:00:00,2025-10-11T00:00:00,AmazonS3,Amazon S3,us-east-1,816,816
li-57,2025-10-10T00:00:00,2025-10-11T00:00:00,AmazonS3,Amazon S3,ap-south-1,773,773
li-58,2025-10-10T00:00:00,2025-10-11T00:00:00,AmazonRDS,Amazon RDS,us-east-1,1475,1475
li-59,2025-10-10T00:00:00,2025-10-11T00:00:00,AmazonRDS,Amazon RDS,ap-south-1,1480,1480
li-60,2025-10-11T00:00:00,2025-10-12T00:00:00,AmazonEC2,Amazon EC2,us-east-1,3002,3002
li-61,2025-10-11T00:00:00,2025-10-12T00:00:00,AmazonEC2,Amazon EC2,ap-south-1,3026,3026
li-62,2025-10-11T00:00:00,2025-10-12T00:00:00,AmazonS3,Amazon S3,us-east-1,819,819
li-63,2025-10-11T00:00:00,2025-10-12T00:00:00,AmazonS3,Amazon S3,ap-south-1,817,817
li-64,2025-10-11T00:00:00,2025-10-12T00:00:00,AmazonRDS,Amazon RDS,us-east-1,1440,1440
li-65,2025-10-11T00:00:00,2025-10-12T00:00:00,AmazonRDS,Amazon RDS,ap-south-1,1569,1569
li-66,2025-10-12T00:00:00,2025-10-13T00:00:00,AmazonEC2,Amazon EC2,us-east-1,3063,3063
li-67,2025-10-12T00:00:00,2025-10-13T00:00:00,AmazonEC2,Amazon EC2,ap-south-1,3044,3044
li-68,2025-10-12T00:00:00,2025-10-13T00:00:00,AmazonS3,Amazon S3,us-east-1,788,788
li-69,2025-10-12T00:00:00,2025-10-13T00:00:00,AmazonS3,Amazon S3,ap-south-1,813,813
li-70,2025-10-12T00:00:00,2025-10-13T00:00:00,AmazonRDS,Amazon RDS,us-east-1,1470,1470
li-71,2025-10-12T00:00:00,2025-10-13T00:00:00,AmazonRDS,Amazon RDS,ap-south-1,1477,1477
li-72,2025-10-13T00:00:00,2025-10-14T00:00:00,AmazonEC2,Amazon EC2,us-east-1,3053,3053
li-73,2025-10-13T00:00:00,2025-10-14T00:00:00,AmazonEC2,Amazon EC2,ap-south-1,3033,3033
li-74,2025-10-13T00:00:00,2025-10-14T00:00:00,AmazonS3,Amazon S3,us-east-1,795,795
li-75,2025-10-13T00:00:00,2025-10-14T00:00:00,AmazonS3,Amazon S3,ap-south-1,825,825
li-76,2025-10-13T00:00:00,2025-10-14T00:00:00,AmazonRDS,Amazon RDS,us-east-1,1536,1536
li-77,2025-10-13T00:00:00,2025-10-14T00:00:00,AmazonRDS,Amazon RDS,ap-south-1,1533,1533
li-78,2025-10-14T00:00:00,2025-10-15T00:00:00,AmazonEC2,Amazon EC2,us-east-1,2999,2999
li-79,2025-10-14T00:00:00,2025-10-15T00:00:00,AmazonEC2,Amazon EC2,ap-south-1,3049,3049
li-80,2025-10-14T00:00:00,2025-10-15T00:00:00,AmazonS3,Amazon S3,us-east-1,778,778
li-81,2025-10-14T00:00:00,2025-10-15T00:00:00,AmazonS3,Amazon S3,ap-south-1,786,786
li-82,2025-10-14T00:00:00,2025-10-15T00:00:00,AmazonRDS,Amazon RDS,us-east-1,1570,1570
li-83,2025-10-14T00:00:00,2025-10-15T00:00:00,AmazonRDS,Amazon RDS,ap-south-1,1471,1471
li-84,2025-10-15T00:00:00,2025-10-16T00:00:00,AmazonEC2,Amazon EC2,us-east-1,2952,2952
li-85,2025-10-15T00:00:00,2025-10-16T00:00:00,AmazonEC2,Amazon EC2,ap-south-1,3051,3051
li-86,2025-10-15T00:00:00,2025-10-16T00:00:00,AmazonS3,Amazon S3,us-east-1,799,799
li-87,2025-10-15T00:00:00,2025-10-16T00:00:00,AmazonS3,Amazon S3,ap-south-1,775,775
li-88,2025-10-15T00:00:00,2025-10-16T00:00:00,AmazonRDS,Amazon RDS,us-east-1,1546,1546
li-89,2025-10-15T00:00:00,2025-10-16T00:00:00,AmazonRDS,Amazon RDS,ap-south-1,1443,1443
li-90,2025-10-16T00:00:00,2025-10-17T00:00:00,AmazonEC2,Amazon EC2,us-east-1,2946,2946
li-91,2025-10-16T00:00:00,2025-10-17T00:00:00,AmazonEC2,Amazon EC2,ap-south-1,2951,2951
li-92,2025-10-16T00:00:00,2025-10-17T00:00:00,AmazonS3,Amazon S3,us-east-1,784,784
li-93,2025-10-16T00:00:00,2025-10-17T00:00:00,AmazonS3,Amazon S3,ap-south-1,777,777
li-94,2025-10-16T00:00:00,2025-10-17T00:00:00,AmazonRDS,Amazon RDS,us-east-1,1518,1518
li-95,2025-10-16T00:00:00,2025-10-17T00:00:00,AmazonRDS,Amazon RDS,ap-south-1,1483,1483
li-96,2025-10-17T00:00:00,2025-10-18T00:00:00,AmazonEC2,Amazon EC2,us-east-1,2991,2991
li-97,2025-10-17T00:00:00,2025-10-18T00:00:00,AmazonEC2,Amazon EC2,ap-south-1,3008,3008
li-98,2025-10-17T00:00:00,2025-10-18T00:00:00,AmazonS3,Amazon S3,us-east-1,829,829
li-99,2025-10-17T00:00:00,2025-10-18T00:00:00,AmazonS3,Amazon S3,ap-south-1,807,807
li-100,2025-10-17T00:00:00,2025-10-18T00:00:00,AmazonRDS,Amazon RDS,us-east-1,1521,1521
li-101,2025-10-17T00:00:00,2025-10-18T00:00:00,AmazonRDS,Amazon RDS,ap-south-1,1535,1535
li-102,2025-10-18T00:00:00,2025-10-19T00:00:00,AmazonEC2,Amazon EC2,us-east-1,3054,3054
li-103,2025-10-18T00:00:00,2025-10-19T00:00:00,AmazonEC2,Amazon EC2,ap-south-1,3016,3016
li-104,2025-10-18T00:00:00,2025-10-19T00:00:00,AmazonS3,Amazon S3,us-east-1,775,775
li-105,2025-10-18T00:00:00,2025-10-19T00:00:00,AmazonS3,Amazon S3,ap-south-1,771,771
li-106,2025-10-18T00:00:00,2025-10-19T00:00:00,AmazonRDS,Amazon RDS,us-east-1,1540,1540
li-107,2025-10-18T00:00:00,2025-10-19T00:00:00,AmazonRDS,Amazon RDS,ap-south-1,1459,1459
li-108,2025-10-19T00:00:00,2025-10-20T00:00:00,AmazonEC2,Amazon EC2,us-east-1,2965,2965
li-109,2025-10-19T00:00:00,2025-10-20T00:00:00,AmazonEC2,Amazon EC2,ap-south-1,2954,2954
li-110,2025-10-19T00:00:00,2025-10-20T00:00:00,AmazonS3,Amazon S3,us-east-1,823,823
li-111,2025-10-19T00:00:00,2025-10-20T00:00:00,AmazonS3,Amazon S3,ap-south-1,798,798
li-112,2025-10-19T00:00:00,2025-10-20T00:00:00,AmazonRDS,Amazon RDS,us-east-1,1531,1531
li-113,2025-10-19T00:00:00,2025-10-20T00:00:00,AmazonRDS,Amazon RDS,ap-south-1,1439,1439
li-114,2025-10-20T00:00:00,2025-10-21T00:00:00,AmazonEC2,Amazon EC2,us-east-1,3007,3007
li-115,2025-10-20T00:00:00,2025-10-21T00:00:00,AmazonEC2,Amazon EC2,ap-south-1,3037,3037
li-116,2025-10-20T00:00:00,2025-10-21T00:00:00,AmazonS3,Amazon S3,us-east-1,824,824
li-117,2025-10-20T00:00:00,2025-10-21T00:00:00,AmazonS3,Amazon S3,ap-south-1,780,780
li-118,2025-10-20T00:00:00,2025-10-21T00:00:00,AmazonRDS,Amazon RDS,us-east-1,1432,1432
li-119,2025-10-20T00:00:00,2025-10-21T00:00:00,AmazonRDS,Amazon RDS,ap-south-1,1453,1453
li-120,2025-10-21T00:00:00,2025-10-22T00:00:00,AmazonEC2,Amazon EC2,us-east-1,2943,2943
li-121,2025-10-21T00:00:00,2025-10-22T00:00:00,AmazonEC2,Amazon EC2,ap-south-1,3013,3013
li-122,2025-10-21T00:00:00,2025-10-22T00:00:00,AmazonS3,Amazon S3,us-east-1,799,799
li-123,2025-10-21T00:00:00,2025-10-22T00:00:00,AmazonS3,Amazon S3,ap-south-1,776,776
li-124,2025-10-21T00:00:00,2025-10-22T00:00:00,AmazonRDS,Amazon RDS,us-east-1,1478,1478
li-125,2025-10-21T00:00:00,2025-10-22T00:00:00,AmazonRDS,Amazon RDS,ap-south-1,1566,1566
li-126,2025-10-22T00:00:00,2025-10-23T00:00:00,AmazonEC2,Amazon EC2,us-east-1,3025,3025
li-127,2025-10-22T00:00:00,2025-10-23T00:00:00,AmazonEC2,Amazon EC2,ap-south-1,3037,3037
li-128,2025-10-22T00:00:00,2025-10-23T00:00:00,AmazonS3,Amazon S3,us-east-1,782,782
li-129,2025-10-22T00:00:00,2025-10-23T00:00:00,AmazonS3,Amazon S3,ap-south-1,819,819
li-130,2025-10-22T00:00:00,2025-10-23T00:00:00,AmazonRDS,Amazon RDS,us-east-1,1546,1546
li-131,2025-10-22T00:00:00,2025-10-23T00:00:00,AmazonRDS,Amazon RDS,ap-south-1,1460,1460
li-132,2025-10-23T00:00:00,2025-10-24T00:00:00,AmazonEC2,Amazon EC2,us-east-1,3007,3007
li-133,2025-10-23T00:00:00,2025-10-24T00:00:00,AmazonEC2,Amazon EC2,ap-south-1,2960,2960
li-134,2025-10-23T00:00:00,2025-10-24T00:00:00,AmazonS3,Amazon S3,us-east-1,807,807
li-135,2025-10-23T00:00:00,2025-10-24T00:00:00,AmazonS3,Amazon S3,ap-south-1,808,808
li-136,2025-10-23T00:00:00,2025-10-24T00:00:00,AmazonRDS,Amazon RDS,us-east-1,1556,1556
li-137,2025-10-23T00:00:00,2025-10-24T00:00:00,AmazonRDS,Amazon RDS,ap-south-1,1562,1562
li-138,2025-10-24T00:00:00,2025-10-25T00:00:00,AmazonEC2,Amazon EC2,us-east-1,3040,3040
li-139,2025-10-24T00:00:00,2025-10-25T00:00:00,AmazonEC2,Amazon EC2,ap-south-1,3063,3063
li-140,2025-10-24T00:00:00,2025-10-25T00:00:00,AmazonS3,Amazon S3,us-east-1,772,772
li-141,2025-10-24T00:00:00,2025-10-25T00:00:00,AmazonS3,Amazon S3,ap-south-1,770,770
li-142,2025-10-24T00:00:00,2025-10-25T00:00:00,AmazonRDS,Amazon RDS,us-east-1,1495,1495
li-143,2025-10-24T00:00:00,2025-10-25T00:00:00,AmazonRDS,Amazon RDS,ap-south-1,1531,1531
li-144,2025-10-25T00:00:00,2025-10-26T00:00:00,AmazonEC2,Amazon EC2,us-east-1,3032,3032
li-145,2025-10-25T00:00:00,2025-10-26T00:00:00,AmazonEC2,Amazon EC2,ap-south-1,3040,3040
li-146,2025-10-25T00:00:00,2025-10-26T00:00:00,AmazonS3,Amazon S3,us-east-1,825,825
li-147,2025-10-25T00:00:00,2025-10-26T00:00:00,AmazonS3,Amazon S3,ap-south-1,774,774
li-148,2025-10-25T00:00:00,2025-10-26T00:00:00,AmazonRDS,Amazon RDS,us-east-1,1476,1476
li-149,2025-10-25T00:00:00,2025-10-26T00:00:00,AmazonRDS,Amazon RDS,ap-south-1,1448,1448
li-150,2025-10-26T00:00:00,2025-10-27T00:00:00,AmazonEC2,Amazon EC2,us-east-1,2984,2984
li-151,2025-10-26T00:00:00,2025-10-27T00:00:00,AmazonEC2,Amazon EC2,ap-south-1,2999,2999
li-152,2025-10-26T00:00:00,2025-10-27T00:00:00,AmazonS3,Amazon S3,us-east-1,811,811
li-153,2025-10-26T00:00:00,2025-10-27T00:00:00,AmazonS3,Amazon S3,ap-south-1,772,772
li-154,2025-10-26T00:00:00,2025-10-27T00:00:00,AmazonRDS,Amazon RDS,us-east-1,1437,1437
li-155,2025-10-26T00:00:00,2025-10-27T00:00:00,AmazonRDS,Amazon RDS,ap-south-1,1459,1459
li-156,2025-10-27T00:00:00,2025-10-28T00:00:00,AmazonEC2,Amazon EC2,us-east-1,3066,3066
li-157,2025-10-27T00:00:00,2025-10-28T00:00:00,AmazonEC2,Amazon EC2,ap-south-1,2973,2973
li-158,2025-10-27T00:00:00,2025-10-28T00:00:00,AmazonS3,Amazon S3,us-east-1,780,780
li-159,2025-10-27T00:00:00,2025-10-28T00:00:00,AmazonS3,Amazon S3,ap-south-1,814,814
li-160,2025-10-27T00:00:00,2025-10-28T00:00:00,AmazonRDS,Amazon RDS,us-east-1,1493,1493
li-161,2025-10-27T00:00:00,2025-10-28T00:00:00,AmazonRDS,Amazon RDS,ap-south-1,1445,1445
li-162,2025-10-28T00:00:00,2025-10-29T00:00:00,AmazonEC2,Amazon EC2,us-east-1,3009,3009
li-163,2025-10-28T00:00:00,2025-10-29T00:00:00,AmazonEC2,Amazon EC2,ap-south-1,2980,2980
li-164,2025-10-28T00:00:00,2025-10-29T00:00:00,AmazonS3,Amazon S3,us-east-1,800,800
li-165,2025-10-28T00:00:00,2025-10-29T00:00:00,AmazonS3,Amazon S3,ap-south-1,818,818
li-166,2025-10-28T00:00:00,2025-10-29T00:00:00,AmazonRDS,Amazon RDS,us-east-1,6160.0,6160.0
li-167,2025-10-28T00:00:00,2025-10-29T00:00:00,AmazonRDS,Amazon RDS,ap-south-1,1448,1448
li-168,2025-10-29T00:00:00,2025-10-30T00:00:00,AmazonEC2,Amazon EC2,us-east-1,3009,3009
li-169,2025-10-29T00:00:00,2025-10-30T00:00:00,AmazonEC2,Amazon EC2,ap-south-1,3063,3063
li-170,2025-10-29T00:00:00,2025-10-30T00:00:00,AmazonS3,Amazon S3,us-east-1,816,816
li-171,2025-10-29T00:00:00,2025-10-30T00:00:00,AmazonS3,Amazon S3,ap-south-1,828,828
li-172,2025-10-29T00:00:00,2025-10-30T00:00:00,AmazonRDS,Amazon RDS,us-east-1,1504,1504
li-173,2025-10-29T00:00:00,2025-10-30T00:00:00,AmazonRDS,Amazon RDS,ap-south-1,1438,1438
li-174,2025-10-30T00:00:00,2025-10-31T00:00:00,AmazonEC2,Amazon EC2,us-east-1,2984,2984
li-175,2025-10-30T00:00:00,2025-10-31T00:00:00,AmazonEC2,Amazon EC2,ap-south-1,2937,2937
li-176,2025-10-30T00:00:00,2025-10-31T00:00:00,AmazonS3,Amazon S3,us-east-1,828,828
li-177,2025-10-30T00:00:00,2025-10-31T00:00:00,AmazonS3,Amazon S3,ap-south-1,792,792
li-178,2025-10-30T00:00:00,2025-10-31T00:00:00,AmazonRDS,Amazon RDS,us-east-1,1517,1517
li-179,2025-10-30T00:00:00,2025-10-31T00:00:00,AmazonRDS,Amazon RDS,ap-south-1,1456,1456
li-180,2025-10-31T00:00:00,2025-11-01T00:00:00,AmazonEC2,Amazon EC2,us-east-1,3066,3066
li-181,2025-10-31T00:00:00,2025-11-01T00:00:00,AmazonEC2,Amazon EC2,ap-south-1,2950,2950
li-182,2025-10-31T00:00:00,2025-11-01T00:00:00,AmazonS3,Amazon S3,us-east-1,828,828
li-183,2025-10-31T00:00:00,2025-11-01T00:00:00,AmazonS3,Amazon S3,ap-south-1,800,800
li-184,2025-10-31T00:00:00,2025-11-01T00:00:00,AmazonRDS,Amazon RDS,us-east-1,1506,1506
li-185,2025-10-31T00:00:00,2025-11-01T00:00:00,AmazonRDS,Amazon RDS,ap-south-1,1512,1512
li-186,2025-11-01T00:00:00,2025-11-02T00:00:00,AmazonEC2,Amazon EC2,us-east-1,2975,2975
li-187,2025-11-01T00:00:00,2025-11-02T00:00:00,AmazonEC2,Amazon EC2,ap-south-1,2942,2942
li-188,2025-11-01T00:00:00,2025-11-02T00:00:00,AmazonS3,Amazon S3,us-east-1,786,786
li-189,2025-11-01T00:00:00,2025-11-02T00:00:00,AmazonS3,Amazon S3,ap-south-1,784,784
li-190,2025-11-01T00:00:00,2025-11-02T00:00:00,AmazonRDS,Amazon RDS,us-east-1,1486,1486
li-191,2025-11-01T00:00:00,2025-11-02T00:00:00,AmazonRDS,Amazon RDS,ap-south-1,1555,1555
li-192,2025-11-02T00:00:00,2025-11-03T00:00:00,AmazonEC2,Amazon EC2,us-east-1,3049,3049
li-193,2025-11-02T00:00:00,2025-11-03T00:00:00,AmazonEC2,Amazon EC2,ap-south-1,3026,3026
li-194,2025-11-02T00:00:00,2025-11-03T00:00:00,AmazonS3,Amazon S3,us-east-1,814,814
li-195,2025-11-02T00:00:00,2025-11-03T00:00:00,AmazonS3,Amazon S3,ap-south-1,830,830
li-196,2025-11-02T00:00:00,2025-11-03T00:00:00,AmazonRDS,Amazon RDS,us-east-1,1489,1489
li-197,2025-11-02T00:00:00,2025-11-03T00:00:00,AmazonRDS,Amazon RDS,ap-south-1,1558,1558
li-198,2025-11-03T00:00:00,2025-11-04T00:00:00,AmazonEC2,Amazon EC2,us-east-1,3017,3017
li-199,2025-11-03T00:00:00,2025-11-04T00:00:00,AmazonEC2,Amazon EC2,ap-south-1,2955,2955
li-200,2025-11-03T00:00:00,2025-11-04T00:00:00,AmazonS3,Amazon S3,us-east-1,818,818
li-201,2025-11-03T00:00:00,2025-11-04T00:00:00,AmazonS3,Amazon S3,ap-south-1,792,792
li-202,2025-11-03T00:00:00,2025-11-04T00:00:00,AmazonRDS,Amazon RDS,us-east-1,1472,1472
li-203,2025-11-03T00:00:00,2025-11-04T00:00:00,AmazonRDS,Amazon RDS,ap-south-1,1507,1507
li-204,2025-11-04T00:00:00,2025-11-05T00:00:00,AmazonEC2,Amazon EC2,us-east-1,3054,3054
li-205,2025-11-04T00:00:00,2025-11-05T00:00:00,AmazonEC2,Amazon EC2,ap-south-1,2965,2965
li-206,2025-11-04T00:00:00,2025-11-05T00:00:00,AmazonS3,Amazon S3,us-east-1,771,771
li-207,2025-11-04T00:00:00,2025-11-05T00:00:00,AmazonS3,Amazon S3,ap-south-1,806,806
li-208,2025-11-04T00:00:00,2025-11-05T00:00:00,AmazonRDS,Amazon RDS,us-east-1,1440,1440
li-209,2025-11-04T00:00:00,2025-11-05T00:00:00,AmazonRDS,Amazon RDS,ap-south-1,1535,1535
li-210,2025-11-05T00:00:00,2025-11-06T00:00:00,AmazonEC2,Amazon EC2,us-east-1,2973,2973
li-211,2025-11-05T00:00:00,2025-11-06T00:00:00,AmazonEC2,Amazon EC2,ap-south-1,2994,2994
li-212,2025-11-05T00:00:00,2025-11-06T00:00:00,AmazonS3,Amazon S3,us-east-1,816,816
li-213,2025-11-05T00:00:00,2025-11-06T00:00:00,AmazonS3,Amazon S3,ap-south-1,789,789
li-214,2025-11-05T00:00:00,2025-11-06T00:00:00,AmazonRDS,Amazon RDS,us-east-1,1517,1517
li-215,2025-11-05T00:00:00,2025-11-06T00:00:00,AmazonRDS,Amazon RDS,ap-south-1,1430,1430
li-216,2025-11-06T00:00:00,2025-11-07T00:00:00,AmazonEC2,Amazon EC2,us-east-1,3044,3044
li-217,2025-11-06T00:00:00,2025-11-07T00:00:00,AmazonEC2,Amazon EC2,ap-south-1,3015,3015
li-218,2025-11-06T00:00:00,2025-11-07T00:00:00,AmazonS3,Amazon S3,us-east-1,809,809
li-219,2025-11-06T00:00:00,2025-11-07T00:00:00,AmazonS3,Amazon S3,ap-south-1,823,823
li-220,2025-11-06T00:00:00,2025-11-07T00:00:00,AmazonRDS,Amazon RDS,us-east-1,1569,1569
li-221,2025-11-06T00:00:00,2025-11-07T00:00:00,AmazonRDS,Amazon RDS,ap-south-1,1504,1504
li-222,2025-11-07T00:00:00,2025-11-08T00:00:00,AmazonEC2,Amazon EC2,us-east-1,2964,2964
li-223,2025-11-07T00:00:00,2025-11-08T00:00:00,AmazonEC2,Amazon EC2,ap-south-1,3016,3016
li-224,2025-11-07T00:00:00,2025-11-08T00:00:00,AmazonS3,Amazon S3,us-east-1,814,814
li-225,2025-11-07T00:00:00,2025-11-08T00:00:00,AmazonS3,Amazon S3,ap-south-1,772,772
li-226,2025-11-07T00:00:00,2025-11-08T00:00:00,AmazonRDS,Amazon RDS,us-east-1,1526,1526
li-227,2025-11-07T00:00:00,2025-11-08T00:00:00,AmazonRDS,Amazon RDS,ap-south-1,1483,1483
li-228,2025-11-08T00:00:00,2025-11-09T00:00:00,AmazonEC2,Amazon EC2,us-east-1,3038,3038
li-229,2025-11-08T00:00:00,2025-11-09T00:00:00,AmazonEC2,Amazon EC2,ap-south-1,3005,3005
li-230,2025-11-08T00:00:00,2025-11-09T00:00:00,AmazonS3,Amazon S3,us-east-1,817,817
li-231,2025-11-08T00:00:00,2025-11-09T00:00:00,AmazonS3,Amazon S3,ap-south-1,820,820
li-232,2025-11-08T00:00:00,2025-11-09T00:00:00,AmazonRDS,Amazon RDS,us-east-1,1491,1491
li-233,2025-11-08T00:00:00,2025-11-09T00:00:00,AmazonRDS,Amazon RDS,ap-south-1,1537,1537
li-234,2025-11-09T00:00:00,2025-11-10T00:00:00,AmazonEC2,Amazon EC2,us-east-1,2935,2935
li-235,2025-11-09T00:00:00,2025-11-10T00:00:00,AmazonEC2,Amazon EC2,ap-south-1,3065,3065
li-236,2025-11-09T00:00:00,2025-11-10T00:00:00,AmazonS3,Amazon S3,us-east-1,780,780
li-237,2025-11-09T00:00:00,2025-11-10T00:00:00,AmazonS3,Amazon S3,ap-south-1,788,788
li-238,2025-11-09T00:00:00,2025-11-10T00:00:00,AmazonRDS,Amazon RDS,us-east-1,1558,1558
li-239,2025-11-09T00:00:00,2025-11-10T00:00:00,AmazonRDS,Amazon RDS,ap-south-1,1518,1518
li-240,2025-11-10T00:00:00,2025-11-11T00:00:00,AmazonEC2,Amazon EC2,us-east-1,2978,2978
li-241,2025-11-10T00:00:00,2025-11-11T00:00:00,AmazonEC2,Amazon EC2,ap-south-1,12004.0,12004.0
li-242,2025-11-10T00:00:00,2025-11-11T00:00:00,AmazonS3,Amazon S3,us-east-1,781,781
li-243,2025-11-10T00:00:00,2025-11-11T00:00:00,AmazonS3,Amazon S3,ap-south-1,775,775
li-244,2025-11-10T00:00:00,2025-11-11T00:00:00,AmazonRDS,Amazon RDS,us-east-1,1569,1569
li-245,2025-11-10T00:00:00,2025-11-11T00:00:00,AmazonRDS,Amazon RDS,ap-south-1,1490,1490
li-246,2025-11-11T00:00:00,2025-11-12T00:00:00,AmazonEC2,Amazon EC2,us-east-1,2978,2978
li-247,2025-11-11T00:00:00,2025-11-12T00:00:00,AmazonEC2,Amazon EC2,ap-south-1,2975,2975
li-248,2025-11-11T00:00:00,2025-11-12T00:00:00,AmazonS3,Amazon S3,us-east-1,786,786
li-249,2025-11-11T00:00:00,2025-11-12T00:00:00,AmazonS3,Amazon S3,ap-south-1,818,818
li-250,2025-11-11T00:00:00,2025-11-12T00:00:00,AmazonRDS,Amazon RDS,us-east-1,1475,1475
li-251,2025-11-11T00:00:00,2025-11-12T00:00:00,AmazonRDS,Amazon RDS,ap-south-1,1477,1477
li-252,2025-11-12T00:00:00,2025-11-13T00:00:00,AmazonEC2,Amazon EC2,us-east-1,3007,3007
li-253,2025-11-12T00:00:00,2025-11-13T00:00:00,AmazonEC2,Amazon EC2,ap-south-1,3016,3016
li-254,2025-11-12T00:00:00,2025-11-13T00:00:00,AmazonS3,Amazon S3,us-east-1,809,809
li-255,2025-11-12T00:00:00,2025-11-13T00:00:00,AmazonS3,Amazon S3,ap-south-1,810,810
li-256,2025-11-12T00:00:00,2025-11-13T00:00:00,AmazonRDS,Amazon RDS,us-east-1,1541,1541
li-257,2025-11-12T00:00:00,2025-11-13T00:00:00,AmazonRDS,Amazon RDS,ap-south-1,1472,1472
li-258,2025-11-13T00:00:00,2025-11-14T00:00:00,AmazonEC2,Amazon EC2,us-east-1,2979,2979
li-259,2025-11-13T00:00:00,2025-11-14T00:00:00,AmazonEC2,Amazon EC2,ap-south-1,3048,3048
li-260,2025-11-13T00:00:00,2025-11-14T00:00:00,AmazonS3,Amazon S3,us-east-1,821,821
li-261,2025-11-13T00:00:00,2025-11-14T00:00:00,AmazonS3,Amazon S3,ap-south-1,799,799
li-262,2025-11-13T00:00:00,2025-11-14T00:00:00,AmazonRDS,Amazon RDS,us-east-1,1471,1471
li-263,2025-11-13T00:00:00,2025-11-14T00:00:00,AmazonRDS,Amazon RDS,ap-south-1,1489,1489
li-264,2025-11-14T00:00:00,2025-11-15T00:00:00,AmazonEC2,Amazon EC2,us-east-1,3010,3010
li-265,2025-11-14T00:00:00,2025-11-15T00:00:00,AmazonEC2,Amazon EC2,ap-south-1,2965,2965
li-266,2025-11-14T00:00:00,2025-11-15T00:00:00,AmazonS3,Amazon S3,us-east-1,803,803
li-267,2025-11-14T00:00:00,2025-11-15T00:00:00,AmazonS3,Amazon S3,ap-south-1,776,776
li-268,2025-11-14T00:00:00,2025-11-15T00:00:00,AmazonRDS,Amazon RDS,us-east-1,1494,1494
li-269,2025-11-14T00:00:00,2025-11-15T00:00:00,AmazonRDS,Amazon RDS,ap-south-1,1515,1515
li-270,2025-11-15T00:00:00,2025-11-16T00:00:00,AmazonEC2,Amazon EC2,us-east-1,2999,2999
li-271,2025-11-15T00:00:00,2025-11-16T00:00:00,AmazonEC2,Amazon EC2,ap-south-1,2977,2977
li-272,2025-11-15T00:00:00,2025-11-16T00:00:00,AmazonS3,Amazon S3,us-east-1,777,777
li-273,2025-11-15T00:00:00,2025-11-16T00:00:00,AmazonS3,Amazon S3,ap-south-1,791,791
li-274,2025-11-15T00:00:00,2025-11-16T00:00:00,AmazonRDS,Amazon RDS,us-east-1,1439,1439
li-275,2025-11-15T00:00:00,2025-11-16T00:00:00,AmazonRDS,Amazon RDS,ap-south-1,1525,1525
li-276,2025-11-16T00:00:00,2025-11-17T00:00:00,AmazonEC2,Amazon EC2,us-east-1,3063,3063
li-277,2025-11-16T00:00:00,2025-11-17T00:00:00,AmazonEC2,Amazon EC2,ap-south-1,2947,2947
li-278,2025-11-16T00:00:00,2025-11-17T00:00:00,AmazonS3,Amazon S3,us-east-1,797,797
li-279,2025-11-16T00:00:00,2025-11-17T00:00:00,AmazonS3,Amazon S3,ap-south-1,789,789
li-280,2025-11-16T00:00:00,2025-11-17T00:00:00,AmazonRDS,Amazon RDS,us-east-1,1486,1486
li-281,2025-11-16T00:00:00,2025-11-17T00:00:00,AmazonRDS,Amazon RDS,ap-south-1,1498,1498
li-282,2025-11-17T00:00:00,2025-11-18T00:00:00,AmazonEC2,Amazon EC2,us-east-1,2957,2957
li-283,2025-11-17T00:00:00,2025-11-18T00:00:00,AmazonEC2,Amazon EC2,ap-south-1,3061,3061
li-284,2025-11-17T00:00:00,2025-11-18T00:00:00,AmazonS3,Amazon S3,us-east-1,802,802
li-285,2025-11-17T00:00:00,2025-11-18T00:00:00,AmazonS3,Amazon S3,ap-south-1,809,809
li-286,2025-11-17T00:00:00,2025-11-18T00:00:00,AmazonRDS,Amazon RDS,us-east-1,1465,1465
li-287,2025-11-17T00:00:00,2025-11-18T00:00:00,AmazonRDS,Amazon RDS,ap-south-1,1532,1532
li-288,2025-11-18T00:00:00,2025-11-19T00:00:00,AmazonEC2,Amazon EC2,us-east-1,3060,3060
li-289,2025-11-18T00:00:00,2025-11-19T00:00:00,AmazonEC2,Amazon EC2,ap-south-1,3013,3013
li-290,2025-11-18T00:00:00,2025-11-19T00:00:00,AmazonS3,Amazon S3,us-east-1,810,810
li-291,2025-11-18T00:00:00,2025-11-19T00:00:00,AmazonS3,Amazon S3,ap-south-1,787,787
li-292,2025-11-18T00:00:00,2025-11-19T00:00:00,AmazonRDS,Amazon RDS,us-east-1,1503,1503
li-293,2025-11-18T00:00:00,2025-11-19T00:00:00,AmazonRDS,Amazon RDS,ap-south-1,1472,1472
li-294,2025-11-19T00:00:00,2025-11-20T00:00:00,AmazonEC2,Amazon EC2,us-east-1,3038,3038
li-295,2025-11-19T00:00:00,2025-11-20T00:00:00,AmazonEC2,Amazon EC2,ap-south-1,3058,3058
li-296,2025-11-19T00:00:00,2025-11-20T00:00:00,AmazonS3,Amazon S3,us-east-1,804,804
li-297,2025-11-19T00:00:00,2025-11-20T00:00:00,AmazonS3,Amazon S3,ap-south-1,797,797
li-298,2025-11-19T00:00:00,2025-11-20T00:00:00,AmazonRDS,Amazon RDS,us-east-1,1435,1435
li-299,2025-11-19T00:00:00,2025-11-20T00:00:00,AmazonRDS,Amazon RDS,ap-south-1,1485,1485
li-300,2025-11-20T00:00:00,2025-11-21T00:00:00,AmazonEC2,Amazon EC2,us-east-1,3052,3052
li-301,2025-11-20T00:00:00,2025-11-21T00:00:00,AmazonEC2,Amazon EC2,ap-south-1,2982,2982
li-302,2025-11-20T00:00:00,2025-11-21T00:00:00,AmazonS3,Amazon S3,us-east-1,809,809
li-303,2025-11-20T00:00:00,2025-11-21T00:00:00,AmazonS3,Amazon S3,ap-south-1,771,771
li-304,2025-11-20T00:00:00,2025-11-21T00:00:00,AmazonRDS,Amazon RDS,us-east-1,1539,1539
li-305,2025-11-20T00:00:00,2025-11-21T00:00:00,AmazonRDS,Amazon RDS,ap-south-1,1450,1450
li-306,2025-11-21T00:00:00,2025-11-22T00:00:00,AmazonEC2,Amazon EC2,us-east-1,3001,3001
li-307,2025-11-21T00:00:00,2025-11-22T00:00:00,AmazonEC2,Amazon EC2,ap-south-1,3016,3016
li-308,2025-11-21T00:00:00,2025-11-22T00:00:00,AmazonS3,Amazon S3,us-east-1,791,791
li-309,2025-11-21T00:00:00,2025-11-22T00:00:00,AmazonS3,Amazon S3,ap-south-1,798,798
li-310,2025-11-21T00:00:00,2025-11-22T00:00:00,AmazonRDS,Amazon RDS,us-east-1,1550,1550
li-311,2025-11-21T00:00:00,2025-11-22T00:00:00,AmazonRDS,Amazon RDS,ap-south-1,1567,1567
li-312,2025-11-22T00:00:00,2025-11-23T00:00:00,AmazonEC2,Amazon EC2,us-east-1,3022,3022
li-313,2025-11-22T00:00:00,2025-11-23T00:00:00,AmazonEC2,Amazon EC2,ap-south-1,2949,2949
li-314,2025-11-22T00:00:00,2025-11-23T00:00:00,AmazonS3,Amazon S3,us-east-1,778,778
li-315,2025-11-22T00:00:00,2025-11-23T00:00:00,AmazonS3,Amazon S3,ap-south-1,830,830
li-316,2025-11-22T00:00:00,2025-11-23T00:00:00,AmazonRDS,Amazon RDS,us-east-1,1527,1527
li-317,2025-11-22T00:00:00,2025-11-23T00:00:00,AmazonRDS,Amazon RDS,ap-south-1,1476,1476
li-318,2025-11-23T00:00:00,2025-11-24T00:00:00,AmazonEC2,Amazon EC2,us-east-1,3043,3043
li-319,2025-11-23T00:00:00,2025-11-24T00:00:00,AmazonEC2,Amazon EC2,ap-south-1,2957,2957
li-320,2025-11-23T00:00:00,2025-11-24T00:00:00,AmazonS3,Amazon S3,us-east-1,771,771
li-321,2025-11-23T00:00:00,2025-11-24T00:00:00,AmazonS3,Amazon S3,ap-south-1,817,817
li-322,2025-11-23T00:00:00,2025-11-24T00:00:00,AmazonRDS,Amazon RDS,us-east-1,1468,1468
li-323,2025-11-23T00:00:00,2025-11-24T00:00:00,AmazonRDS,Amazon RDS,ap-south-1,1569,1569
li-324,2025-11-24T00:00:00,2025-11-25T00:00:00,AmazonEC2,Amazon EC2,us-east-1,3004,3004
li-325,2025-11-24T00:00:00,2025-11-25T00:00:00,AmazonEC2,Amazon EC2,ap-south-1,2930,2930
li-326,2025-11-24T00:00:00,2025-11-25T00:00:00,AmazonS3,Amazon S3,us-east-1,815,815
li-327,2025-11-24T00:00:00,2025-11-25T00:00:00,AmazonS3,Amazon S3,ap-south-1,804,804
li-328,2025-11-24T00:00:00,2025-11-25T00:00:00,AmazonRDS,Amazon RDS,us-east-1,1518,1518
li-329,2025-11-24T00:00:00,2025-11-25T00:00:00,AmazonRDS,Amazon RDS,ap-south-1,1534,1534
li-330,2025-11-25T00:00:00,2025-11-26T00:00:00,AmazonEC2,Amazon EC2,us-east-1,3031,3031
li-331,2025-11-25T00:00:00,2025-11-26T00:00:00,AmazonEC2,Amazon EC2,ap-south-1,2981,2981
li-332,2025-11-25T00:00:00,2025-11-26T00:00:00,AmazonS3,Amazon S3,us-east-1,815,815
li-333,2025-11-25T00:00:00,2025-11-26T00:00:00,AmazonS3,Amazon S3,ap-south-1,794,794
li-334,2025-11-25T00:00:00,2025-11-26T00:00:00,AmazonRDS,Amazon RDS,us-east-1,1556,1556
li-335,2025-11-25T00:00:00,2025-11-26T00:00:00,AmazonRDS,Amazon RDS,ap-south-1,1488,1488
li-336,2025-11-26T00:00:00,2025-11-27T00:00:00,AmazonEC2,Amazon EC2,us-east-1,2948,2948
li-337,2025-11-26T00:00:00,2025-11-27T00:00:00,AmazonEC2,Amazon EC2,ap-south-1,3016,3016
li-338,2025-11-26T00:00:00,2025-11-27T00:00:00,AmazonS3,Amazon S3,us-east-1,793,793
li-339,2025-11-26T00:00:00,2025-11-27T00:00:00,AmazonS3,Amazon S3,ap-south-1,819,819
li-340,2025-11-26T00:00:00,2025-11-27T00:00:00,AmazonRDS,Amazon RDS,us-east-1,1503,1503
li-341,2025-11-26T00:00:00,2025-11-27T00:00:00,AmazonRDS,Amazon RDS,ap-south-1,1570,1570
li-342,2025-11-27T00:00:00,2025-11-28T00:00:00,AmazonEC2,Amazon EC2,us-east-1,2997,2997
li-343,2025-11-27T00:00:00,2025-11-28T00:00:00,AmazonEC2,Amazon EC2,ap-south-1,2960,2960
li-344,2025-11-27T00:00:00,2025-11-28T00:00:00,AmazonS3,Amazon S3,us-east-1,816,816
li-345,2025-11-27T00:00:00,2025-11-28T00:00:00,AmazonS3,Amazon S3,ap-south-1,811,811
li-346,2025-11-27T00:00:00,2025-11-28T00:00:00,AmazonRDS,Amazon RDS,us-east-1,1500,1500
li-347,2025-11-27T00:00:00,2025-11-28T00:00:00,AmazonRDS,Amazon RDS,ap-south-1,1509,1509
li-348,2025-11-28T00:00:00,2025-11-29T00:00:00,AmazonEC2,Amazon EC2,us-east-1,2935,2935
li-349,2025-11-28T00:00:00,2025-11-29T00:00:00,AmazonEC2,Amazon EC2,ap-south-1,2971,2971
li-350,2025-11-28T00:00:00,2025-11-29T00:00:00,AmazonS3,Amazon S3,us-east-1,822,822
li-351,2025-11-28T00:00:00,2025-11-29T00:00:00,AmazonS3,Amazon S3,ap-south-1,826,826
li-352,2025-11-28T00:00:00,2025-11-29T00:00:00,AmazonRDS,Amazon RDS,us-east-1,1437,1437
li-353,2025-11-28T00:00:00,2025-11-29T00:00:00,AmazonRDS,Amazon RDS,ap-south-1,1447,1447
li-354,2025-11-29T00:00:00,2025-11-30T00:00:00,AmazonEC2,Amazon EC2,us-east-1,3055,3055
li-355,2025-11-29T00:00:00,2025-11-30T00:00:00,AmazonEC2,Amazon EC2,ap-south-1,2963,2963
li-356,2025-11-29T00:00:00,2025-11-30T00:00:00,AmazonS3,Amazon S3,us-east-1,779,779
li-357,2025-11-29T00:00:00,2025-11-30T00:00:00,AmazonS3,Amazon S3,ap-south-1,787,787
li-358,2025-11-29T00:00:00,2025-11-30T00:00:00,AmazonRDS,Amazon RDS,us-east-1,1486,1486
li-359,2025-11-29T00:00:00,2025-11-30T00:00:00,AmazonRDS,Amazon RDS,ap-south-1,1485,1485
li-360,2025-11-30T00:00:00,2025-12-01T00:00:00,AmazonEC2,Amazon EC2,us-east-1,2952,2952
li-361,2025-11-30T00:00:00,2025-12-01T00:00:00,AmazonEC2,Amazon EC2,ap-south-1,2977,2977
li-362,2025-11-30T00:00:00,2025-12-01T00:00:00,AmazonS3,Amazon S3,us-east-1,802,802
li-363,2025-11-30T00:00:00,2025-12-01T00:00:00,AmazonS3,Amazon S3,ap-south-1,784,784
li-364,2025-11-30T00:00:00,2025-12-01T00:00:00,AmazonRDS,Amazon RDS,us-east-1,1447,1447
li-365,2025-11-30T00:00:00,2025-12-01T00:00:00,AmazonRDS,Amazon RDS,ap-south-1,1517,1517
li-366,2025-12-01T00:00:00,2025-12-02T00:00:00,AmazonEC2,Amazon EC2,us-east-1,2953,2953
li-367,2025-12-01T00:00:00,2025-12-02T00:00:00,AmazonEC2,Amazon EC2,ap-south-1,3009,3009
li-368,2025-12-01T00:00:00,2025-12-02T00:00:00,AmazonS3,Amazon S3,us-east-1,778,778
li-369,2025-12-01T00:00:00,2025-12-02T00:00:00,AmazonS3,Amazon S3,ap-south-1,786,786
li-370,2025-12-01T00:00:00,2025-12-02T00:00:00,AmazonRDS,Amazon RDS,us-east-1,1557,1557
li-371,2025-12-01T00:00:00,2025-12-02T00:00:00,AmazonRDS,Amazon RDS,ap-south-1,1449,1449
li-372,2025-12-02T00:00:00,2025-12-03T00:00:00,AmazonEC2,Amazon EC2,us-east-1,2982,2982
li-373,2025-12-02T00:00:00,2025-12-03T00:00:00,AmazonEC2,Amazon EC2,ap-south-1,2948,2948
li-374,2025-12-02T00:00:00,2025-12-03T00:00:00,AmazonS3,Amazon S3,us-east-1,796,796
li-375,2025-12-02T00:00:00,2025-12-03T00:00:00,AmazonS3,Amazon S3,ap-south-1,818,818
li-376,2025-12-02T00:00:00,2025-12-03T00:00:00,AmazonRDS,Amazon RDS,us-east-1,1529,1529
li-377,2025-12-02T00:00:00,2025-12-03T00:00:00,AmazonRDS,Amazon RDS,ap-south-1,1453,1453
li-378,2025-12-03T00:00:00,2025-12-04T00:00:00,AmazonEC2,Amazon EC2,us-east-1,2931,2931
li-379,2025-12-03T00:00:00,2025-12-04T00:00:00,AmazonEC2,Amazon EC2,ap-south-1,2996,2996
li-380,2025-12-03T00:00:00,2025-12-04T00:00:00,AmazonS3,Amazon S3,us-east-1,826,826
li-381,2025-12-03T00:00:00,2025-12-04T00:00:00,AmazonS3,Amazon S3,ap-south-1,808,808
li-382,2025-12-03T00:00:00,2025-12-04T00:00:00,AmazonRDS,Amazon RDS,us-east-1,1450,1450
li-383,2025-12-03T00:00:00,2025-12-04T00:00:00,AmazonRDS,Amazon RDS,ap-south-1,1516,1516
li-384,2025-12-04T00:00:00,2025-12-05T00:00:00,AmazonEC2,Amazon EC2,us-east-1,3016,3016
li-385,2025-12-04T00:00:00,2025-12-05T00:00:00,AmazonEC2,Amazon EC2,ap-south-1,3053,3053
li-386,2025-12-04T00:00:00,2025-12-05T00:00:00,AmazonS3,Amazon S3,us-east-1,796,796
li-387,2025-12-04T00:00:00,2025-12-05T00:00:00,AmazonS3,Amazon S3,ap-south-1,801,801
li-388,2025-12-04T00:00:00,2025-12-05T00:00:00,AmazonRDS,Amazon RDS,us-east-1,1556,1556
li-389,2025-12-04T00:00:00,2025-12-05T00:00:00,AmazonRDS,Amazon RDS,ap-south-1,1549,1549
li-390,2025-12-05T00:00:00,2025-12-06T00:00:00,AmazonEC2,Amazon EC2,us-east-1,3070,3070
li-391,2025-12-05T00:00:00,2025-12-06T00:00:00,AmazonEC2,Amazon EC2,ap-south-1,3021,3021
li-392,2025-12-05T00:00:00,2025-12-06T00:00:00,AmazonS3,Amazon S3,us-east-1,804,804
li-393,2025-12-05T00:00:00,2025-12-06T00:00:00,AmazonS3,Amazon S3,ap-south-1,797,797
li-394,2025-12-05T00:00:00,2025-12-06T00:00:00,AmazonRDS,Amazon RDS,us-east-1,1533,1533
li-395,2025-12-05T00:00:00,2025-12-06T00:00:00,AmazonRDS,Amazon RDS,ap-south-1,1508,1508
li-396,2025-12-06T00:00:00,2025-12-07T00:00:00,AmazonEC2,Amazon EC2,us-east-1,2979,2979
li-397,2025-12-06T00:00:00,2025-12-07T00:00:00,AmazonEC2,Amazon EC2,ap-south-1,3004,3004
li-398,2025-12-06T00:00:00,2025-12-07T00:00:00,AmazonS3,Amazon S3,us-east-1,802,802
li-399,2025-12-06T00:00:00,2025-12-07T00:00:00,AmazonS3,Amazon S3,ap-south-1,809,809
li-400,2025-12-06T00:00:00,2025-12-07T00:00:00,AmazonRDS,Amazon RDS,us-east-1,1532,1532
li-401,2025-12-06T00:00:00,2025-12-07T00:00:00,AmazonRDS,Amazon RDS,ap-south-1,1449,1449
li-402,2025-12-07T00:00:00,2025-12-08T00:00:00,AmazonEC2,Amazon EC2,us-east-1,2990,2990
li-403,2025-12-07T00:00:00,2025-12-08T00:00:00,AmazonEC2,Amazon EC2,ap-south-1,2953,2953
li-404,2025-12-07T00:00:00,2025-12-08T00:00:00,AmazonS3,Amazon S3,us-east-1,806,806
li-405,2025-12-07T00:00:00,2025-12-08T00:00:00,AmazonS3,Amazon S3,ap-south-1,781,781
li-406,2025-12-07T00:00:00,2025-12-08T00:00:00,AmazonRDS,Amazon RDS,us-east-1,1433,1433
li-407,2025-12-07T00:00:00,2025-12-08T00:00:00,AmazonRDS,Amazon RDS,ap-south-1,1553,1553
li-408,2025-12-08T00:00:00,2025-12-09T00:00:00,AmazonEC2,Amazon EC2,us-east-1,3068,3068
li-409,2025-12-08T00:00:00,2025-12-09T00:00:00,AmazonEC2,Amazon EC2,ap-south-1,2961,2961
li-410,2025-12-08T00:00:00,2025-12-09T00:00:00,AmazonS3,Amazon S3,us-east-1,823,823
li-411,2025-12-08T00:00:00,2025-12-09T00:00:00,AmazonS3,Amazon S3,ap-south-1,775,775
li-412,2025-12-08T00:00:00,2025-12-09T00:00:00,AmazonRDS,Amazon RDS,us-east-1,1552,1552
li-413,2025-12-08T00:00:00,2025-12-09T00:00:00,AmazonRDS,Amazon RDS,ap-south-1,1544,1544
li-414,2025-12-09T00:00:00,2025-12-10T00:00:00,AmazonEC2,Amazon EC2,us-east-1,2994,2994
li-415,2025-12-09T00:00:00,2025-12-10T00:00:00,AmazonEC2,Amazon EC2,ap-south-1,3008,3008
li-416,2025-12-09T00:00:00,2025-12-10T00:00:00,AmazonS3,Amazon S3,us-east-1,809,809
li-417,2025-12-09T00:00:00,2025-12-10T00:00:00,AmazonS3,Amazon S3,ap-south-1,817,817
li-418,2025-12-09T00:00:00,2025-12-10T00:00:00,AmazonRDS,Amazon RDS,us-east-1,1488,1488
li-419,2025-12-09T00:00:00,2025-12-10T00:00:00,AmazonRDS,Amazon RDS,ap-south-1,1493,1493
li-420,2025-12-10T00:00:00,2025-12-11T00:00:00,AmazonEC2,Amazon EC2,us-east-1,2953,2953
li-421,2025-12-10T00:00:00,2025-12-11T00:00:00,AmazonEC2,Amazon EC2,ap-south-1,2952,2952
li-422,2025-12-10T00:00:00,2025-12-11T00:00:00,AmazonS3,Amazon S3,us-east-1,823,823
li-423,2025-12-10T00:00:00,2025-12-11T00:00:00,AmazonS3,Amazon S3,ap-south-1,798,798
li-424,2025-12-10T00:00:00,2025-12-11T00:00:00,AmazonRDS,Amazon RDS,us-east-1,1457,1457
li-425,2025-12-10T00:00:00,2025-12-11T00:00:00,AmazonRDS,Amazon RDS,ap-south-1,1432,1432
li-426,2025-12-11T00:00:00,2025-12-12T00:00:00,AmazonEC2,Amazon EC2,us-east-1,2974,2974
li-427,2025-12-11T00:00:00,2025-12-12T00:00:00,AmazonEC2,Amazon EC2,ap-south-1,2955,2955
li-428,2025-12-11T00:00:00,2025-12-12T00:00:00,AmazonS3,Amazon S3,us-east-1,820,820
li-429,2025-12-11T00:00:00,2025-12-12T00:00:00,AmazonS3,Amazon S3,ap-south-1,822,822
li-430,2025-12-11T00:00:00,2025-12-12T00:00:00,AmazonRDS,Amazon RDS,us-east-1,1510,1510
li-431,2025-12-11T00:00:00,2025-12-12T00:00:00,AmazonRDS,Amazon RDS,ap-south-1,1570,1570
li-432,2025-12-12T00:00:00,2025-12-13T00:00:00,AmazonEC2,Amazon EC2,us-east-1,3007,3007
li-433,2025-12-12T00:00:00,2025-12-13T00:00:00,AmazonEC2,Amazon EC2,ap-south-1,3043,3043
li-434,2025-12-12T00:00:00,2025-12-13T00:00:00,AmazonS3,Amazon S3,us-east-1,829,829
li-435,2025-12-12T00:00:00,2025-12-13T00:00:00,AmazonS3,Amazon S3,ap-south-1,798,798
li-436,2025-12-12T00:00:00,2025-12-13T00:00:00,AmazonRDS,Amazon RDS,us-east-1,1536,1536
li-437,2025-12-12T00:00:00,2025-12-13T00:00:00,AmazonRDS,Amazon RDS,ap-south-1,1460,1460
li-438,2025-12-13T00:00:00,2025-12-14T00:00:00,AmazonEC2,Amazon EC2,us-east-1,11736.0,11736.0
li-439,2025-12-13T00:00:00,2025-12-14T00:00:00,AmazonEC2,Amazon EC2,ap-south-1,3034,3034
li-440,2025-12-13T00:00:00,2025-12-14T00:00:00,AmazonS3,Amazon S3,us-east-1,824,824
li-441,2025-12-13T00:00:00,2025-12-14T00:00:00,AmazonS3,Amazon S3,ap-south-1,813,813
li-442,2025-12-13T00:00:00,2025-12-14T00:00:00,AmazonRDS,Amazon RDS,us-east-1,1528,1528
li-443,2025-12-13T00:00:00,2025-12-14T00:00:00,AmazonRDS,Amazon RDS,ap-south-1,1509,1509
li-444,2025-12-14T00:00:00,2025-12-15T00:00:00,AmazonEC2,Amazon EC2,us-east-1,2953,2953
li-445,2025-12-14T00:00:00,2025-12-15T00:00:00,AmazonEC2,Amazon EC2,ap-south-1,3028,3028
li-446,2025-12-14T00:00:00,2025-12-15T00:00:00,AmazonS3,Amazon S3,us-east-1,799,799
li-447,2025-12-14T00:00:00,2025-12-15T00:00:00,AmazonS3,Amazon S3,ap-south-1,825,825
li-448,2025-12-14T00:00:00,2025-12-15T00:00:00,AmazonRDS,Amazon RDS,us-east-1,1563,1563
li-449,2025-12-14T00:00:00,2025-12-15T00:00:00,AmazonRDS,Amazon RDS,ap-south-1,1543,1543
li-450,2025-12-15T00:00:00,2025-12-16T00:00:00,AmazonEC2,Amazon EC2,us-east-1,3048,3048
li-451,2025-12-15T00:00:00,2025-12-16T00:00:00,AmazonEC2,Amazon EC2,ap-south-1,2999,2999
li-452,2025-12-15T00:00:00,2025-12-16T00:00:00,AmazonS3,Amazon S3,us-east-1,827,827
li-453,2025-12-15T00:00:00,2025-12-16T00:00:00,AmazonS3,Amazon S3,ap-south-1,778,778
li-454,2025-12-15T00:00:00,2025-12-16T00:00:00,AmazonRDS,Amazon RDS,us-east-1,1482,1482
li-455,2025-12-15T00:00:00,2025-12-16T00:00:00,AmazonRDS,Amazon RDS,ap-south-1,1513,1513
li-456,2025-12-16T00:00:00,2025-12-17T00:00:00,AmazonEC2,Amazon EC2,us-east-1,2932,2932
li-457,2025-12-16T00:00:00,2025-12-17T00:00:00,AmazonEC2,Amazon EC2,ap-south-1,2990,2990
li-458,2025-12-16T00:00:00,2025-12-17T00:00:00,AmazonS3,Amazon S3,us-east-1,824,824
li-459,2025-12-16T00:00:00,2025-12-17T00:00:00,AmazonS3,Amazon S3,ap-south-1,810,810
li-460,2025-12-16T00:00:00,2025-12-17T00:00:00,AmazonRDS,Amazon RDS,us-east-1,1550,1550
li-461,2025-12-16T00:00:00,2025-12-17T00:00:00,AmazonRDS,Amazon RDS,ap-south-1,1534,1534
li-462,2025-12-17T00:00:00,2025-12-18T00:00:00,AmazonEC2,Amazon EC2,us-east-1,2979,2979
li-463,2025-12-17T00:00:00,2025-12-18T00:00:00,AmazonEC2,Amazon EC2,ap-south-1,3056,3056
li-464,2025-12-17T00:00:00,2025-12-18T00:00:00,AmazonS3,Amazon S3,us-east-1,817,817
li-465,2025-12-17T00:00:00,2025-12-18T00:00:00,AmazonS3,Amazon S3,ap-south-1,776,776
li-466,2025-12-17T00:00:00,2025-12-18T00:00:00,AmazonRDS,Amazon RDS,us-east-1,1506,1506
li-467,2025-12-17T00:00:00,2025-12-18T00:00:00,AmazonRDS,Amazon RDS,ap-south-1,1536,1536
li-468,2025-12-18T00:00:00,2025-12-19T00:00:00,AmazonEC2,Amazon EC2,us-east-1,3016,3016
li-469,2025-12-18T00:00:00,2025-12-19T00:00:00,AmazonEC2,Amazon EC2,ap-south-1,3008,3008
li-470,2025-12-18T00:00:00,2025-12-19T00:00:00,AmazonS3,Amazon S3,us-east-1,780,780
li-471,2025-12-18T00:00:00,2025-12-19T00:00:00,AmazonS3,Amazon S3,ap-south-1,804,804
li-472,2025-12-18T00:00:00,2025-12-19T00:00:00,AmazonRDS,Amazon RDS,us-east-1,1498,1498
li-473,2025-12-18T00:00:00,2025-12-19T00:00:00,AmazonRDS,Amazon RDS,ap-south-1,1535,1535
li-474,2025-12-19T00:00:00,2025-12-20T00:00:00,AmazonEC2,Amazon EC2,us-east-1,2992,2992
li-475,2025-12-19T00:00:00,2025-12-20T00:00:00,AmazonEC2,Amazon EC2,ap-south-1,2946,2946
li-476,2025-12-19T00:00:00,2025-12-20T00:00:00,AmazonS3,Amazon S3,us-east-1,816,816
li-477,2025-12-19T00:00:00,2025-12-20T00:00:00,AmazonS3,Amazon S3,ap-south-1,774,774
li-478,2025-12-19T00:00:00,2025-12-20T00:00:00,AmazonRDS,Amazon RDS,us-east-1,1511,1511
li-479,2025-12-19T00:00:00,2025-12-20T00:00:00,AmazonRDS,Amazon RDS,ap-south-1,1433,1433
li-480,2025-12-20T00:00:00,2025-12-21T00:00:00,AmazonEC2,Amazon EC2,us-east-1,2995,2995
li-481,2025-12-20T00:00:00,2025-12-21T00:00:00,AmazonEC2,Amazon EC2,ap-south-1,3006,3006
li-482,2025-12-20T00:00:00,2025-12-21T00:00:00,AmazonS3,Amazon S3,us-east-1,808,808
li-483,2025-12-20T00:00:00,2025-12-21T00:00:00,AmazonS3,Amazon S3,ap-south-1,776,776
li-484,2025-12-20T00:00:00,2025-12-21T00:00:00,AmazonRDS,Amazon RDS,us-east-1,1471,1471
li-485,2025-12-20T00:00:00,2025-12-21T00:00:00,AmazonRDS,Amazon RDS,ap-south-1,1474,1474
li-486,2025-12-21T00:00:00,2025-12-22T00:00:00,AmazonEC2,Amazon EC2,us-east-1,2954,2954
li-487,2025-12-21T00:00:00,2025-12-22T00:00:00,AmazonEC2,Amazon EC2,ap-south-1,2980,2980
li-488,2025-12-21T00:00:00,2025-12-22T00:00:00,AmazonS3,Amazon S3,us-east-1,809,809
li-489,2025-12-21T00:00:00,2025-12-22T00:00:00,AmazonS3,Amazon S3,ap-south-1,816,816
li-490,2025-12-21T00:00:00,2025-12-22T00:00:00,AmazonRDS,Amazon RDS,us-east-1,1471,1471
li-491,2025-12-21T00:00:00,2025-12-22T00:00:00,AmazonRDS,Amazon RDS,ap-south-1,1472,1472
li-492,2025-12-22T00:00:00,2025-12-23T00:00:00,AmazonEC2,Amazon EC2,us-east-1,2938,2938
li-493,2025-12-22T00:00:00,2025-12-23T00:00:00,AmazonEC2,Amazon EC2,ap-south-1,3004,3004
li-494,2025-12-22T00:00:00,2025-12-23T00:00:00,AmazonS3,Amazon S3,us-east-1,787,787
li-495,2025-12-22T00:00:00,2025-12-23T00:00:00,AmazonS3,Amazon S3,ap-south-1,774,774
li-496,2025-12-22T00:00:00,2025-12-23T00:00:00,AmazonRDS,Amazon RDS,us-east-1,1493,1493
li-497,2025-12-22T00:00:00,2025-12-23T00:00:00,AmazonRDS,Amazon RDS,ap-south-1,1550,1550
li-498,2025-12-23T00:00:00,2025-12-24T00:00:00,AmazonEC2,Amazon EC2,us-east-1,3055,3055
li-499,2025-12-23T00:00:00,2025-12-24T00:00:00,AmazonEC2,Amazon EC2,ap-south-1,2987,2987
li-500,2025-12-23T00:00:00,2025-12-24T00:00:00,AmazonS3,Amazon S3,us-east-1,787,787
li-501,2025-12-23T00:00:00,2025-12-24T00:00:00,AmazonS3,Amazon S3,ap-south-1,806,806
li-502,2025-12-23T00:00:00,2025-12-24T00:00:00,AmazonRDS,Amazon RDS,us-east-1,1433,1433
li-503,2025-12-23T00:00:00,2025-12-24T00:00:00,AmazonRDS,Amazon RDS,ap-south-1,1454,1454
li-504,2025-12-24T00:00:00,2025-12-25T00:00:00,AmazonEC2,Amazon EC2,us-east-1,2947,2947
li-505,2025-12-24T00:00:00,2025-12-25T00:00:00,AmazonEC2,Amazon EC2,ap-south-1,2957,2957
li-506,2025-12-24T00:00:00,2025-12-25T00:00:00,AmazonS3,Amazon S3,us-east-1,807,807
li-507,2025-12-24T00:00:00,2025-12-25T00:00:00,AmazonS3,Amazon S3,ap-south-1,798,798
li-508,2025-12-24T00:00:00,2025-12-25T00:00:00,AmazonRDS,Amazon RDS,us-east-1,1509,1509
li-509,2025-12-24T00:00:00,2025-12-25T00:00:00,AmazonRDS,Amazon RDS,ap-south-1,1557,1557
li-510,2025-12-25T00:00:00,2025-12-26T00:00:00,AmazonEC2,Amazon EC2,us-east-1,3026,3026
li-511,2025-12-25T00:00:00,2025-12-26T00:00:00,AmazonEC2,Amazon EC2,ap-south-1,3057,3057
li-512,2025-12-25T00:00:00,2025-12-26T00:00:00,AmazonS3,Amazon S3,us-east-1,823,823
li-513,2025-12-25T00:00:00,2025-12-26T00:00:00,AmazonS3,Amazon S3,ap-south-1,824,824
li-514,2025-12-25T00:00:00,2025-12-26T00:00:00,AmazonRDS,Amazon RDS,us-east-1,1478,1478
li-515,2025-12-25T00:00:00,2025-12-26T00:00:00,AmazonRDS,Amazon RDS,ap-south-1,1506,1506
li-516,2025-12-26T00:00:00,2025-12-27T00:00:00,AmazonEC2,Amazon EC2,us-east-1,3035,3035
li-517,2025-12-26T00:00:00,2025-12-27T00:00:00,AmazonEC2,Amazon EC2,ap-south-1,2967,2967
li-518,2025-12-26T00:00:00,2025-12-27T00:00:00,AmazonS3,Amazon S3,us-east-1,795,795
li-519,2025-12-26T00:00:00,2025-12-27T00:00:00,AmazonS3,Amazon S3,ap-south-1,804,804
li-520,2025-12-26T00:00:00,2025-12-27T00:00:00,AmazonRDS,Amazon RDS,us-east-1,1552,1552
li-521,2025-12-26T00:00:00,2025-12-27T00:00:00,AmazonRDS,Amazon RDS,ap-south-1,1562,1562
li-522,2025-12-27T00:00:00,2025-12-28T00:00:00,AmazonEC2,Amazon EC2,us-east-1,2977,2977
li-523,2025-12-27T00:00:00,2025-12-28T00:00:00,AmazonEC2,Amazon EC2,ap-south-1,2995,2995
li-524,2025-12-27T00:00:00,2025-12-28T00:00:00,AmazonS3,Amazon S3,us-east-1,770,770
li-525,2025-12-27T00:00:00,2025-12-28T00:00:00,AmazonS3,Amazon S3,ap-south-1,819,819
li-526,2025-12-27T00:00:00,2025-12-28T00:00:00,AmazonRDS,Amazon RDS,us-east-1,1503,1503
li-527,2025-12-27T00:00:00,2025-12-28T00:00:00,AmazonRDS,Amazon RDS,ap-south-1,1467,1467
li-528,2025-12-28T00:00:00,2025-12-29T00:00:00,AmazonEC2,Amazon EC2,us-east-1,3051,3051
li-529,2025-12-28T00:00:00,2025-12-29T00:00:00,AmazonEC2,Amazon EC2,ap-south-1,2938,2938
li-530,2025-12-28T00:00:00,2025-12-29T00:00:00,AmazonS3,Amazon S3,us-east-1,792,792
li-531,2025-12-28T00:00:00,2025-12-29T00:00:00,AmazonS3,Amazon S3,ap-south-1,804,804
li-532,2025-12-28T00:00:00,2025-12-29T00:00:00,AmazonRDS,Amazon RDS,us-east-1,1439,1439
li-533,2025-12-28T00:00:00,2025-12-29T00:00:00,AmazonRDS,Amazon RDS,ap-south-1,1483,1483
li-534,2025-12-29T00:00:00,2025-12-30T00:00:00,AmazonEC2,Amazon EC2,us-east-1,2997,2997
li-535,2025-12-29T00:00:00,2025-12-30T00:00:00,AmazonEC2,Amazon EC2,ap-south-1,2995,2995
li-536,2025-12-29T00:00:00,2025-12-30T00:00:00,AmazonS3,Amazon S3,us-east-1,772,772
li-537,2025-12-29T00:00:00,2025-12-30T00:00:00,AmazonS3,Amazon S3,ap-south-1,795,795
li-538,2025-12-29T00:00:00,2025-12-30T00:00:00,AmazonRDS,Amazon RDS,us-east-1,1539,1539
li-539,2025-12-29T00:00:00,2025-12-30T00:00:00,AmazonRDS,Amazon RDS,ap-south-1,1510,1510
li-540,2025-12-30T00:00:00,2025-12-31T00:00:00,AmazonEC2,Amazon EC2,us-east-1,3012,3012
li-541,2025-12-30T00:00:00,2025-12-31T00:00:00,AmazonEC2,Amazon EC2,ap-south-1,3009,3009
li-542,2025-12-30T00:00:00,2025-12-31T00:00:00,AmazonS3,Amazon S3,us-east-1,819,819
li-543,2025-12-30T00:00:00,2025-12-31T00:00:00,AmazonS3,Amazon S3,ap-south-1,806,806
li-544,2025-12-30T00:00:00,2025-12-31T00:00:00,AmazonRDS,Amazon RDS,us-east-1,1431,1431
li-545,2025-12-30T00:00:00,2025-12-31T00:00:00,AmazonRDS,Amazon RDS,ap-south-1,1558,1558
li-546,2025-12-31T00:00:00,2026-01-01T00:00:00,AmazonEC2,Amazon EC2,us-east-1,3049,3049
li-547,2025-12-31T00:00:00,2026-01-01T00:00:00,AmazonEC2,Amazon EC2,ap-south-1,2944,2944
li-548,2025-12-31T00:00:00,2026-01-01T00:00:00,AmazonS3,Amazon S3,us-east-1,798,798
li-549,2025-12-31T00:00:00,2026-01-01T00:00:00,AmazonS3,Amazon S3,ap-south-1,811,811
li-550,2025-12-31T00:00:00,2026-01-01T00:00:00,AmazonRDS,Amazon RDS,us-east-1,1500,1500
li-551,2025-12-31T00:00:00,2026-01-01T00:00:00,AmazonRDS,Amazon RDS,ap-south-1,1508,1508
li-552,2026-01-01T00:00:00,2026-01-02T00:00:00,AmazonEC2,Amazon EC2,us-east-1,2992,2992
li-553,2026-01-01T00:00:00,2026-01-02T00:00:00,AmazonEC2,Amazon EC2,ap-south-1,3061,3061
li-554,2026-01-01T00:00:00,2026-01-02T00:00:00,AmazonS3,Amazon S3,us-east-1,813,813
li-555,2026-01-01T00:00:00,2026-01-02T00:00:00,AmazonS3,Amazon S3,ap-south-1,772,772
li-556,2026-01-01T00:00:00,2026-01-02T00:00:00,AmazonRDS,Amazon RDS,us-east-1,1532,1532
li-557,2026-01-01T00:00:00,2026-01-02T00:00:00,AmazonRDS,Amazon RDS,ap-south-1,1470,1470
li-558,2026-01-02T00:00:00,2026-01-03T00:00:00,AmazonEC2,Amazon EC2,us-east-1,3067,3067
li-559,2026-01-02T00:00:00,2026-01-03T00:00:00,AmazonEC2,Amazon EC2,ap-south-1,3067,3067
li-560,2026-01-02T00:00:00,2026-01-03T00:00:00,AmazonS3,Amazon S3,us-east-1,775,775
li-561,2026-01-02T00:00:00,2026-01-03T00:00:00,AmazonS3,Amazon S3,ap-south-1,808,808
li-562,2026-01-02T00:00:00,2026-01-03T00:00:00,AmazonRDS,Amazon RDS,us-east-1,1473,1473
li-563,2026-01-02T00:00:00,2026-01-03T00:00:00,AmazonRDS,Amazon RDS,ap-south-1,1542,1542
li-564,2026-01-03T00:00:00,2026-01-04T00:00:00,AmazonEC2,Amazon EC2,us-east-1,3027,3027
li-565,2026-01-03T00:00:00,2026-01-04T00:00:00,AmazonEC2,Amazon EC2,ap-south-1,3068,3068
li-566,2026-01-03T00:00:00,2026-01-04T00:00:00,AmazonS3,Amazon S3,us-east-1,819,819
li-567,2026-01-03T00:00:00,2026-01-04T00:00:00,AmazonS3,Amazon S3,ap-south-1,786,786
li-568,2026-01-03T00:00:00,2026-01-04T00:00:00,AmazonRDS,Amazon RDS,us-east-1,1492,1492
li-569,2026-01-03T00:00:00,2026-01-04T00:00:00,AmazonRDS,Amazon RDS,ap-south-1,1440,1440
li-570,2026-01-04T00:00:00,2026-01-05T00:00:00,AmazonEC2,Amazon EC2,us-east-1,2966,2966
li-571,2026-01-04T00:00:00,2026-01-05T00:00:00,AmazonEC2,Amazon EC2,ap-south-1,2958,2958
li-572,2026-01-04T00:00:00,2026-01-05T00:00:00,AmazonS3,Amazon S3,us-east-1,781,781
li-573,2026-01-04T00:00:00,2026-01-05T00:00:00,AmazonS3,Amazon S3,ap-south-1,805,805
li-574,2026-01-04T00:00:00,2026-01-05T00:00:00,AmazonRDS,Amazon RDS,us-east-1,1545,1545
li-575,2026-01-04T00:00:00,2026-01-05T00:00:00,AmazonRDS,Amazon RDS,ap-south-1,1555,1555
li-576,2026-01-05T00:00:00,2026-01-06T00:00:00,AmazonEC2,Amazon EC2,us-east-1,2996,2996
li-577,2026-01-05T00:00:00,2026-01-06T00:00:00,AmazonEC2,Amazon EC2,ap-south-1,3024,3024
li-578,2026-01-05T00:00:00,2026-01-06T00:00:00,AmazonS3,Amazon S3,us-east-1,782,782
li-579,2026-01-05T00:00:00,2026-01-06T00:00:00,AmazonS3,Amazon S3,ap-south-1,825,825
li-580,2026-01-05T00:00:00,2026-01-06T00:00:00,AmazonRDS,Amazon RDS,us-east-1,1533,1533
li-581,2026-01-05T00:00:00,2026-01-06T00:00:00,AmazonRDS,Amazon RDS,ap-south-1,1463,1463
li-582,2026-01-06T00:00:00,2026-01-07T00:00:00,AmazonEC2,Amazon EC2,us-east-1,3038,3038
li-583,2026-01-06T00:00:00,2026-01-07T00:00:00,AmazonEC2,Amazon EC2,ap-south-1,11784.0,11784.0
li-584,2026-01-06T00:00:00,2026-01-07T00:00:00,AmazonS3,Amazon S3,us-east-1,798,798
li-585,2026-01-06T00:00:00,2026-01-07T00:00:00,AmazonS3,Amazon S3,ap-south-1,775,775
li-586,2026-01-06T00:00:00,2026-01-07T00:00:00,AmazonRDS,Amazon RDS,us-east-1,1542,1542
li-587,2026-01-06T00:00:00,2026-01-07T00:00:00,AmazonRDS,Amazon RDS,ap-south-1,1510,1510
li-588,2026-01-07T00:00:00,2026-01-08T00:00:00,AmazonEC2,Amazon EC2,us-east-1,2952,2952
li-589,2026-01-07T00:00:00,2026-01-08T00:00:00,AmazonEC2,Amazon EC2,ap-south-1,3040,3040
li-590,2026-01-07T00:00:00,2026-01-08T00:00:00,AmazonS3,Amazon S3,us-east-1,801,801
li-591,2026-01-07T00:00:00,2026-01-08T00:00:00,AmazonS3,Amazon S3,ap-south-1,790,790
li-592,2026-01-07T00:00:00,2026-01-08T00:00:00,AmazonRDS,Amazon RDS,us-east-1,1526,1526
li-593,2026-01-07T00:00:00,2026-01-08T00:00:00,AmazonRDS,Amazon RDS,ap-south-1,1454,1454
li-594,2026-01-08T00:00:00,2026-01-09T00:00:00,AmazonEC2,Amazon EC2,us-east-1,2937,2937
li-595,2026-01-08T00:00:00,2026-01-09T00:00:00,AmazonEC2,Amazon EC2,ap-south-1,2937,2937
li-596,2026-01-08T00:00:00,2026-01-09T00:00:00,AmazonS3,Amazon S3,us-east-1,775,775
li-597,2026-01-08T00:00:00,2026-01-09T00:00:00,AmazonS3,Amazon S3,ap-south-1,775,775
li-598,2026-01-08T00:00:00,2026-01-09T00:00:00,AmazonRDS,Amazon RDS,us-east-1,1538,1538
li-599,2026-01-08T00:00:00,2026-01-09T00:00:00,AmazonRDS,Amazon RDS,ap-south-1,1556,1556
li-600,2026-01-09T00:00:00,2026-01-10T00:00:00,AmazonEC2,Amazon EC2,us-east-1,3028,3028
li-601,2026-01-09T00:00:00,2026-01-10T00:00:00,AmazonEC2,Amazon EC2,ap-south-1,3007,3007
li-602,2026-01-09T00:00:00,2026-01-10T00:00:00,AmazonS3,Amazon S3,us-east-1,822,822
li-603,2026-01-09T00:00:00,2026-01-10T00:00:00,AmazonS3,Amazon S3,ap-south-1,770,770
li-604,2026-01-09T00:00:00,2026-01-10T00:00:00,AmazonRDS,Amazon RDS,us-east-1,1454,1454
li-605,2026-01-09T00:00:00,2026-01-10T00:00:00,AmazonRDS,Amazon RDS,ap-south-1,1475,1475
li-606,2026-01-10T00:00:00,2026-01-11T00:00:00,AmazonEC2,Amazon EC2,us-east-1,2949,2949
li-607,2026-01-10T00:00:00,2026-01-11T00:00:00,AmazonEC2,Amazon EC2,ap-south-1,3039,3039
li-608,2026-01-10T00:00:00,2026-01-11T00:00:00,AmazonS3,Amazon S3,us-east-1,785,785
li-609,2026-01-10T00:00:00,2026-01-11T00:00:00,AmazonS3,Amazon S3,ap-south-1,798,798
li-610,2026-01-10T00:00:00,2026-01-11T00:00:00,AmazonRDS,Amazon RDS,us-east-1,1485,1485
li-611,2026-01-10T00:00:00,2026-01-11T00:00:00,AmazonRDS,Amazon RDS,ap-south-1,1563,1563
li-612,2026-01-11T00:00:00,2026-01-12T00:00:00,AmazonEC2,Amazon EC2,us-east-1,2930,2930
li-613,2026-01-11T00:00:00,2026-01-12T00:00:00,AmazonEC2,Amazon EC2,ap-south-1,2932,2932
li-614,2026-01-11T00:00:00,2026-01-12T00:00:00,AmazonS3,Amazon S3,us-east-1,778,778
li-615,2026-01-11T00:00:00,2026-01-12T00:00:00,AmazonS3,Amazon S3,ap-south-1,800,800
li-616,2026-01-11T00:00:00,2026-01-12T00:00:00,AmazonRDS,Amazon RDS,us-east-1,1562,1562
li-617,2026-01-11T00:00:00,2026-01-12T00:00:00,AmazonRDS,Amazon RDS,ap-south-1,1565,1565
li-618,2026-01-12T00:00:00,2026-01-13T00:00:00,AmazonEC2,Amazon EC2,us-east-1,3011,3011
li-619,2026-01-12T00:00:00,2026-01-13T00:00:00,AmazonEC2,Amazon EC2,ap-south-1,2964,2964
li-620,2026-01-12T00:00:00,2026-01-13T00:00:00,AmazonS3,Amazon S3,us-east-1,791,791
li-621,2026-01-12T00:00:00,2026-01-13T00:00:00,AmazonS3,Amazon S3,ap-south-1,821,821
li-622,2026-01-12T00:00:00,2026-01-13T00:00:00,AmazonRDS,Amazon RDS,us-east-1,1524,1524
li-623,2026-01-12T00:00:00,2026-01-13T00:00:00,AmazonRDS,Amazon RDS,ap-south-1,1438,1438
li-624,2026-01-13T00:00:00,2026-01-14T00:00:00,AmazonEC2,Amazon EC2,us-east-1,3034,3034
li-625,2026-01-13T00:00:00,2026-01-14T00:00:00,AmazonEC2,Amazon EC2,ap-south-1,2967,2967
li-626,2026-01-13T00:00:00,2026-01-14T00:00:00,AmazonS3,Amazon S3,us-east-1,776,776
li-627,2026-01-13T00:00:00,2026-01-14T00:00:00,AmazonS3,Amazon S3,ap-south-1,775,775
li-628,2026-01-13T00:00:00,2026-01-14T00:00:00,AmazonRDS,Amazon RDS,us-east-1,1476,1476
li-629,2026-01-13T00:00:00,2026-01-14T00:00:00,AmazonRDS,Amazon RDS,ap-south-1,1538,1538
li-630,2026-01-14T00:00:00,2026-01-15T00:00:00,AmazonEC2,Amazon EC2,us-east-1,3061,3061
li-631,2026-01-14T00:00:00,2026-01-15T00:00:00,AmazonEC2,Amazon EC2,ap-south-1,2950,2950
li-632,2026-01-14T00:00:00,2026-01-15T00:00:00,AmazonS3,Amazon S3,us-east-1,817,817
li-633,2026-01-14T00:00:00,2026-01-15T00:00:00,AmazonS3,Amazon S3,ap-south-1,816,816
li-634,2026-01-14T00:00:00,2026-01-15T00:00:00,AmazonRDS,Amazon RDS,us-east-1,1532,1532
li-635,2026-01-14T00:00:00,2026-01-15T00:00:00,AmazonRDS,Amazon RDS,ap-south-1,1462,1462
li-636,2026-01-15T00:00:00,2026-01-16T00:00:00,AmazonEC2,Amazon EC2,us-east-1,3014,3014
li-637,2026-01-15T00:00:00,2026-01-16T00:00:00,AmazonEC2,Amazon EC2,ap-south-1,3068,3068
li-638,2026-01-15T00:00:00,2026-01-16T00:00:00,AmazonS3,Amazon S3,us-east-1,784,784
li-639,2026-01-15T00:00:00,2026-01-16T00:00:00,AmazonS3,Amazon S3,ap-south-1,810,810
li-640,2026-01-15T00:00:00,2026-01-16T00:00:00,AmazonRDS,Amazon RDS,us-east-1,1475,1475
li-641,2026-01-15T00:00:00,2026-01-16T00:00:00,AmazonRDS,Amazon RDS,ap-south-1,1491,1491
li-642,2026-01-16T00:00:00,2026-01-17T00:00:00,AmazonEC2,Amazon EC2,us-east-1,3005,3005
li-643,2026-01-16T00:00:00,2026-01-17T00:00:00,AmazonEC2,Amazon EC2,ap-south-1,2944,2944
li-644,2026-01-16T00:00:00,2026-01-17T00:00:00,AmazonS3,Amazon S3,us-east-1,817,817
li-645,2026-01-16T00:00:00,2026-01-17T00:00:00,AmazonS3,Amazon S3,ap-south-1,810,810
li-646,2026-01-16T00:00:00,2026-01-17T00:00:00,AmazonRDS,Amazon RDS,us-east-1,1487,1487
li-647,2026-01-16T00:00:00,2026-01-17T00:00:00,AmazonRDS,Amazon RDS,ap-south-1,1446,1446
li-648,2026-01-17T00:00:00,2026-01-18T00:00:00,AmazonEC2,Amazon EC2,us-east-1,2931,2931
li-649,2026-01-17T00:00:00,2026-01-18T00:00:00,AmazonEC2,Amazon EC2,ap-south-1,2983,2983
li-650,2026-01-17T00:00:00,2026-01-18T00:00:00,AmazonS3,Amazon S3,us-east-1,813,813
li-651,2026-01-17T00:00:00,2026-01-18T00:00:00,AmazonS3,Amazon S3,ap-south-1,821,821
li-652,2026-01-17T00:00:00,2026-01-18T00:00:00,AmazonRDS,Amazon RDS,us-east-1,1526,1526
li-653,2026-01-17T00:00:00,2026-01-18T00:00:00,AmazonRDS,Amazon RDS,ap-south-1,1430,1430
li-654,2026-01-18T00:00:00,2026-01-19T00:00:00,AmazonEC2,Amazon EC2,us-east-1,3024,3024
li-655,2026-01-18T00:00:00,2026-01-19T00:00:00,AmazonEC2,Amazon EC2,ap-south-1,3049,3049
li-656,2026-01-18T00:00:00,2026-01-19T00:00:00,AmazonS3,Amazon S3,us-east-1,795,795
li-657,2026-01-18T00:00:00,2026-01-19T00:00:00,AmazonS3,Amazon S3,ap-south-1,772,772
li-658,2026-01-18T00:00:00,2026-01-19T00:00:00,AmazonRDS,Amazon RDS,us-east-1,1489,1489
li-659,2026-01-18T00:00:00,2026-01-19T00:00:00,AmazonRDS,Amazon RDS,ap-south-1,1506,1506
li-660,2026-01-19T00:00:00,2026-01-20T00:00:00,AmazonEC2,Amazon EC2,us-east-1,2999,2999
li-661,2026-01-19T00:00:00,2026-01-20T00:00:00,AmazonEC2,Amazon EC2,ap-south-1,2967,2967
li-662,2026-01-19T00:00:00,2026-01-20T00:00:00,AmazonS3,Amazon S3,us-east-1,799,799
li-663,2026-01-19T00:00:00,2026-01-20T00:00:00,AmazonS3,Amazon S3,ap-south-1,824,824
li-664,2026-01-19T00:00:00,2026-01-20T00:00:00,AmazonRDS,Amazon RDS,us-east-1,1524,1524
li-665,2026-01-19T00:00:00,2026-01-20T00:00:00,AmazonRDS,Amazon RDS,ap-south-1,1520,1520
li-666,2026-01-20T00:00:00,2026-01-21T00:00:00,AmazonEC2,Amazon EC2,us-east-1,2987,2987
li-667,2026-01-20T00:00:00,2026-01-21T00:00:00,AmazonEC2,Amazon EC2,ap-south-1,3039,3039
li-668,2026-01-20T00:00:00,2026-01-21T00:00:00,AmazonS3,Amazon S3,us-east-1,807,807
li-669,2026-01-20T00:00:00,2026-01-21T00:00:00,AmazonS3,Amazon S3,ap-south-1,796,796
li-670,2026-01-20T00:00:00,2026-01-21T00:00:00,AmazonRDS,Amazon RDS,us-east-1,1501,1501
li-671,2026-01-20T00:00:00,2026-01-21T00:00:00,AmazonRDS,Amazon RDS,ap-south-1,1497,1497
li-672,2026-01-21T00:00:00,2026-01-22T00:00:00,AmazonEC2,Amazon EC2,us-east-1,2982,2982
li-673,2026-01-21T00:00:00,2026-01-22T00:00:00,AmazonEC2,Amazon EC2,ap-south-1,3000,3000
li-674,2026-01-21T00:00:00,2026-01-22T00:00:00,AmazonS3,Amazon S3,us-east-1,826,826
li-675,2026-01-21T00:00:00,2026-01-22T00:00:00,AmazonS3,Amazon S3,ap-south-1,777,777
li-676,2026-01-21T00:00:00,2026-01-22T00:00:00,AmazonRDS,Amazon RDS,us-east-1,1529,1529
li-677,2026-01-21T00:00:00,2026-01-22T00:00:00,AmazonRDS,Amazon RDS,ap-south-1,1463,1463
li-678,2026-01-22T00:00:00,2026-01-23T00:00:00,AmazonEC2,Amazon EC2,us-east-1,3002,3002
li-679,2026-01-22T00:00:00,2026-01-23T00:00:00,AmazonEC2,Amazon EC2,ap-south-1,2955,2955
li-680,2026-01-22T00:00:00,2026-01-23T00:00:00,AmazonS3,Amazon S3,us-east-1,796,796
li-681,2026-01-22T00:00:00,2026-01-23T00:00:00,AmazonS3,Amazon S3,ap-south-1,772,772
li-682,2026-01-22T00:00:00,2026-01-23T00:00:00,AmazonRDS,Amazon RDS,us-east-1,1568,1568
li-683,2026-01-22T00:00:00,2026-01-23T00:00:00,AmazonRDS,Amazon RDS,ap-south-1,1534,1534
li-684,2026-01-23T00:00:00,2026-01-24T00:00:00,AmazonEC2,Amazon EC2,us-east-1,2968,2968
li-685,2026-01-23T00:00:00,2026-01-24T00:00:00,AmazonEC2,Amazon EC2,ap-south-1,2982,2982
li-686,2026-01-23T00:00:00,2026-01-24T00:00:00,AmazonS3,Amazon S3,us-east-1,788,788
li-687,2026-01-23T00:00:00,2026-01-24T00:00:00,AmazonS3,Amazon S3,ap-south-1,784,784
li-688,2026-01-23T00:00:00,2026-01-24T00:00:00,AmazonRDS,Amazon RDS,us-east-1,1441,1441
li-689,2026-01-23T00:00:00,2026-01-24T00:00:00,AmazonRDS,Amazon RDS,ap-south-1,1556,1556
li-690,2026-01-24T00:00:00,2026-01-25T00:00:00,AmazonEC2,Amazon EC2,us-east-1,3015,3015
li-691,2026-01-24T00:00:00,2026-01-25T00:00:00,AmazonEC2,Amazon EC2,ap-south-1,2930,2930
li-692,2026-01-24T00:00:00,2026-01-25T00:00:00,AmazonS3,Amazon S3,us-east-1,816,816
li-693,2026-01-24T00:00:00,2026-01-25T00:00:00,AmazonS3,Amazon S3,ap-south-1,809,809
li-694,2026-01-24T00:00:00,2026-01-25T00:00:00,AmazonRDS,Amazon RDS,us-east-1,1544,1544
li-695,2026-01-24T00:00:00,2026-01-25T00:00:00,AmazonRDS,Amazon RDS,ap-south-1,1524,1524
li-696,2026-01-25T00:00:00,2026-01-26T00:00:00,AmazonEC2,Amazon EC2,us-east-1,2999,2999
li-697,2026-01-25T00:00:00,2026-01-26T00:00:00,AmazonEC2,Amazon EC2,ap-south-1,2948,2948
li-698,2026-01-25T00:00:00,2026-01-26T00:00:00,AmazonS3,Amazon S3,us-east-1,825,825
li-699,2026-01-25T00:00:00,2026-01-26T00:00:00,AmazonS3,Amazon S3,ap-south-1,813,813
li-700,2026-01-25T00:00:00,2026-01-26T00:00:00,AmazonRDS,Amazon RDS,us-east-1,1472,1472
li-701,2026-01-25T00:00:00,2026-01-26T00:00:00,AmazonRDS,Amazon RDS,ap-south-1,1507,1507
li-702,2026-01-26T00:00:00,2026-01-27T00:00:00,AmazonEC2,Amazon EC2,us-east-1,2958,2958
li-703,2026-01-26T00:00:00,2026-01-27T00:00:00,AmazonEC2,Amazon EC2,ap-south-1,2938,2938
li-704,2026-01-26T00:00:00,2026-01-27T00:00:00,AmazonS3,Amazon S3,us-east-1,789,789
li-705,2026-01-26T00:00:00,2026-01-27T00:00:00,AmazonS3,Amazon S3,ap-south-1,828,828
li-706,2026-01-26T00:00:00,2026-01-27T00:00:00,AmazonRDS,Amazon RDS,us-east-1,1458,1458
li-707,2026-01-26T00:00:00,2026-01-27T00:00:00,AmazonRDS,Amazon RDS,ap-south-1,1563,1563
li-708,2026-01-27T00:00:00,2026-01-28T00:00:00,AmazonEC2,Amazon EC2,us-east-1,2988,2988
li-709,2026-01-27T00:00:00,2026-01-28T00:00:00,AmazonEC2,Amazon EC2,ap-south-1,3055,3055
li-710,2026-01-27T00:00:00,2026-01-28T00:00:00,AmazonS3,Amazon S3,us-east-1,770,770
li-711,2026-01-27T00:00:00,2026-01-28T00:00:00,AmazonS3,Amazon S3,ap-south-1,801,801
li-712,2026-01-27T00:00:00,2026-01-28T00:00:00,AmazonRDS,Amazon RDS,us-east-1,1507,1507
li-713,2026-01-27T00:00:00,2026-01-28T00:00:00,AmazonRDS,Amazon RDS,ap-south-1,1434,1434
li-714,2026-01-28T00:00:00,2026-01-29T00:00:00,AmazonEC2,Amazon EC2,us-east-1,3055,3055
li-715,2026-01-28T00:00:00,2026-01-29T00:00:00,AmazonEC2,Amazon EC2,ap-south-1,3007,3007
li-716,2026-01-28T00:00:00,2026-01-29T00:00:00,AmazonS3,Amazon S3,us-east-1,810,810
li-717,2026-01-28T00:00:00,2026-01-29T00:00:00,AmazonS3,Amazon S3,ap-south-1,782,782
li-718,2026-01-28T00:00:00,2026-01-29T00:00:00,AmazonRDS,Amazon RDS,us-east-1,1504,1504
li-719,2026-01-28T00:00:00,2026-01-29T00:00:00,AmazonRDS,Amazon RDS,ap-south-1,1558,1558
li-720,2026-01-29T00:00:00,2026-01-30T00:00:00,AmazonEC2,Amazon EC2,us-east-1,3031,3031
li-721,2026-01-29T00:00:00,2026-01-30T00:00:00,AmazonEC2,Amazon EC2,ap-south-1,2993,2993
li-722,2026-01-29T00:00:00,2026-01-30T00:00:00,AmazonS3,Amazon S3,us-east-1,823,823
li-723,2026-01-29T00:00:00,2026-01-30T00:00:00,AmazonS3,Amazon S3,ap-south-1,773,773
li-724,2026-01-29T00:00:00,2026-01-30T00:00:00,AmazonRDS,Amazon RDS,us-east-1,1483,1483
li-725,2026-01-29T00:00:00,2026-01-30T00:00:00,AmazonRDS,Amazon RDS,ap-south-1,1482,1482
li-726,2026-01-30T00:00:00,2026-01-31T00:00:00,AmazonEC2,Amazon EC2,us-east-1,2955,2955
li-727,2026-01-30T00:00:00,2026-01-31T00:00:00,AmazonEC2,Amazon EC2,ap-south-1,3060,3060
li-728,2026-01-30T00:00:00,2026-01-31T00:00:00,AmazonS3,Amazon S3,us-east-1,826,826
li-729,2026-01-30T00:00:00,2026-01-31T00:00:00,AmazonS3,Amazon S3,ap-south-1,820,820
li-730,2026-01-30T00:00:00,2026-01-31T00:00:00,AmazonRDS,Amazon RDS,us-east-1,1517,1517
li-731,2026-01-30T00:00:00,2026-01-31T00:00:00,AmazonRDS,Amazon RDS,ap-south-1,1447,1447
li-732,2026-01-31T00:00:00,2026-02-01T00:00:00,AmazonEC2,Amazon EC2,us-east-1,2974,2974
li-733,2026-01-31T00:00:00,2026-02-01T00:00:00,AmazonEC2,Amazon EC2,ap-south-1,2968,2968
li-734,2026-01-31T00:00:00,2026-02-01T00:00:00,AmazonS3,Amazon S3,us-east-1,772,772
li-735,2026-01-31T00:00:00,2026-02-01T00:00:00,AmazonS3,Amazon S3,ap-south-1,773,773
li-736,2026-01-31T00:00:00,2026-02-01T00:00:00,AmazonRDS,Amazon RDS,us-east-1,1512,1512
li-737,2026-01-31T00:00:00,2026-02-01T00:00:00,AmazonRDS,Amazon RDS,ap-south-1,1476,1476
